date,league,division,year,home_team,away_team,odds__bet365__home_win__full_time_goals,odds__bet365__draw__full_time_goals,odds__bet365__away_win__full_time_goals,odds__bet365__over_2.5__full_time_goals,odds__bet365__under_2.5__full_time_goals,odds__bet365__asian_handicap_home_team__full_time_goals,odds__bet365__asian_handicap_away_team__full_time_goals,odds__bet365_closing__home_win__full_time_goals,odds__bet365_closing__draw__full_time_goals,odds__bet365_closing__away_win__full_time_goals,odds__bet365_closing__over_2.5__full_time_goals,odds__bet365_closing__under_2.5__full_time_goals,odds__bet365_closing__asian_handicap_home_team__full_time_goals,odds__bet365_closing__asian_handicap_away_team__full_time_goals,odds__bet365__size_of_asian_handicap_home_team__full_time_goals,odds__betbrain_maximum__home_win__full_time_goals,odds__betbrain_maximum__draw__full_time_goals,odds__betbrain_maximum__away_win__full_time_goals,odds__betbrain_maximum__over_2.5__full_time_goals,odds__betbrain_maximum__under_2.5__full_time_goals,odds__betbrain_maximum__asian_handicap_home_team__full_time_goals,odds__betbrain_maximum__asian_handicap_away_team__full_time_goals,odds__betbrain_average__home_win__full_time_goals,odds__betbrain_average__draw_win__full_time_goals,odds__betbrain_average__away_win__full_time_goals,odds__betbrain_average__over_2.5__full_time_goals,odds__betbrain_average__under_2.5__full_time_goals,odds__betbrain_average__asian_handicap_home_team__full_time_goals,odds__betbrain_average__asian_handicap_away_team__full_time_goals,odds__betbrain__size_of_asian_handicap_home_team__full_time_goals,odds__betwin__home_win__full_time_goals,odds__betwin__draw__full_time_goals,odds__betwin__away_win__full_time_goals,odds__betwin_closing__home_win__full_time_goals,odds__betwin_closing__draw__full_time_goals,odds__betwin_closing__away_win__full_time_goals,odds__bluesquare__home_win__full_time_goals,odds__bluesquare__draw__full_time_goals,odds__bluesquare__away_win__full_time_goals,odds__gamebookers__home_win__full_time_goals,odds__gamebookers__draw__full_time_goals,odds__gamebookers__away_win__full_time_goals,odds__gamebookers__over_2.5__full_time_goals,odds__gamebookers__under_2.5__full_time_goals,odds__gamebookers__asian_handicap_home_team__full_time_goals,odds__gamebookers__asian_handicap_away_team__full_time_goals,odds__gamebookers__size_of_handicap_home_team__full_time_goals,odds__interwetten__home_win__full_time_goals,odds__interwetten__draw__full_time_goals,odds__interwetten__away_win__full_time_goals,odds__interwetten_closing__home_win__full_time_goals,odds__interwetten_closing__draw__full_time_goals,odds__interwetten_closing__away_win__full_time_goals,odds__ladbrokes__home_win__full_time_goals,odds__ladbrokes__draw__full_time_goals,odds__ladbrokes__away_win__full_time_goals,odds__ladbrokes__asian_handicap_home_team__full_time_goals,odds__ladbrokes__asian_handicap_away_team__full_time_goals,odds__ladbrokes__size_of_asian_handicap_home_team__full_time_goals,odds__pinnacle__home_win__full_time_goals,odds__pinnacle__draw__full_time_goals,odds__pinnacle__away_win__full_time_goals,odds__pinnacle__over_2.5__full_time_goals,odds__pinnacle__under_2.5__full_time_goals,odds__pinnacle__asian_handicap_home_team__full_time_goals,odds__pinnacle__asian_handicap_away_team__full_time_goals,odds__pinnacle_closing__home_win__full_time_goals,odds__pinnacle_closing__draw__full_time_goals,odds__pinnacle_closing__away_win__full_time_goals,odds__pinnacle_closing__over_2.5__full_time_goals,odds__pinnacle_closing__under_2.5__full_time_goals,odds__pinnacle_closing__asian_handicap_home_team__full_time_goals,odds__pinnacle_closing__asian_handicap_away_team__full_time_goals,odds__sporting__home_win__full_time_goals,odds__sporting__draw__full_time_goals,odds__sporting__away_win__full_time_goals,odds__sportingbet__home_win__full_time_goals,odds__sportingbet__draw__full_time_goals,odds__sportingbet__away_win__full_time_goals,odds__stanjames__home_win__full_time_goals,odds__stanjames__draw__full_time_goals,odds__stanjames__away_win__full_time_goals,odds__stanleybet__home_win__full_time_goals,odds__stanleybet__draw__full_time_goals,odds__stanleybet__away_win__full_time_goals,odds__vcbet__home_win__full_time_goals,odds__vcbet__draw__full_time_goals,odds__vcbet__away_win__full_time_goals,odds__vcbet_closing__home_win__full_time_goals,odds__vcbet_closing__draw__full_time_goals,odds__vcbet_closing__away_win__full_time_goals,odds__williamhill__home_win__full_time_goals,odds__williamhill__draw__full_time_goals,odds__williamhill__away_win__full_time_goals,odds__williamhill_closing__home_win__full_time_goals,odds__williamhill_closing__draw__full_time_goals,odds__williamhill_closing__away_win__full_time_goals,odds__market_maximum__home_win__full_time_goals,odds__market_maximum__draw__full_time_goals,odds__market_maximum__away_win__full_time_goals,odds__market_maximum__over_2.5__full_time_goals,odds__market_maximum__under_2.5__full_time_goals,odds__market_maximum__asian_handicap_home_team__full_time_goals,odds__market_maximum__asian_handicap_away_team__full_time_goals,odds__market_maximum_closing__home_win__full_time_goals,odds__market_maximum_closing__draw__full_time_goals,odds__market_maximum_closing__away_win__full_time_goals,odds__market_maximum_closing__over_2.5__full_time_goals,odds__market_maximum_closing__under_2.5__full_time_goals,odds__market_maximum_closing__asian_handicap_home_team__full_time_goals,odds__market_maximum_closing__asian_handicap_away_team__full_time_goals,odds__market_average__home_win__full_time_goals,odds__market_average__draw__full_time_goals,odds__market_average__away_win__full_time_goals,odds__market_average__over_2.5__full_time_goals,odds__market_average__under_2.5__full_time_goals,odds__market_average__asian_handicap_home_team__full_time_goals,odds__market_average__asian_handicap_away_team__full_time_goals,odds__market_average_closing__home_win__full_time_goals,odds__market_average_closing__draw__full_time_goals,odds__market_average_closing__away_win__full_time_goals,odds__market_average_closing__over_2.5__full_time_goals,odds__market_average_closing__under_2.5__full_time_goals,odds__market_average_closing__asian_handicap_home_team__full_time_goals,odds__market_average_closing__asian_handicap_away_team__full_time_goals,odds__market_average__size_of_handicap_home_team__full_time_goals,odds__market_average_closing__size_of_asian_handicap_home_team__full_time_goals,target__home_team__full_time_goals,target__away_team__full_time_goals,target__home_team__half_time_goals,target__away_team__half_time_goals,target__home_team__shots,target__away_team__shots,target__home_team__shots_on_target,target__away_team__shots_on_target,target__home_team__hit_woodork,target__away_team__hit_woodork,target__home_team__corners,target__away_team__corners,target__home_team__fouls_committed,target__away_team__fouls_committed,target__home_team__free_kicks_conceded,target__away_team__free_kicks_conceded,target__home_team__offsides,target__away_team__offsides,target__home_team__yellow_cards,target__away_team__yellow_cards,target__home_team__red_cards,target__away_team__red_cards,target__home_team__bookings_points,target__away_team__bookings_points
2024-08-17,Greece,1,2025,PAOK,Panserraikos,1.17,8.0,15.0,1.44,2.7,2.05,1.8,1.2,6.25,13.0,1.5,2.5,2.03,1.83,,,,,,,,,,,,,,,,,1.16,7.5,15.0,1.19,7.0,12.5,,,,,,,,,,,,,,,,,,,,,,,,1.13,8.19,15.33,1.41,2.81,2.0,1.83,1.18,7.26,13.75,1.52,2.56,2.05,1.81,,,,,,,,,,,,,,,,,,,1.1,7.5,17.0,1.15,6.5,13.0,1.17,8.3,21.0,1.47,2.82,2.07,1.84,1.2,7.5,15.0,1.52,2.65,2.07,1.9,1.14,7.7,15.93,1.42,2.73,1.99,1.81,1.18,6.78,13.23,1.49,2.53,1.97,1.83,-2.25,-2.0,3,2,2,1,19,9,10,5,-1,-1,9,1,13,6,-1,-1,-1,-1,1,3,0,0,,
2024-08-17,Greece,1,2025,Volos NFC,Olympiakos,10.0,5.0,1.3,1.57,2.35,1.93,1.93,10.0,4.75,1.33,1.75,2.05,1.83,2.03,,,,,,,,,,,,,,,,,9.25,5.25,1.3,8.0,5.0,1.34,,,,,,,,,,,,,,,,,,,,,,,,8.11,6.08,1.28,1.59,2.34,1.92,1.92,9.56,5.62,1.3,1.74,2.13,1.83,2.05,,,,,,,,,,,,,,,,,,,9.0,5.5,1.25,8.0,5.0,1.29,11.0,6.08,1.32,1.65,2.35,2.02,1.94,10.0,5.63,1.36,1.81,2.25,1.86,2.08,8.75,5.63,1.28,1.58,2.28,1.93,1.86,8.69,5.03,1.32,1.71,2.09,1.81,1.99,1.5,1.5,0,2,0,1,6,18,2,7,-1,-1,3,3,18,22,-1,-1,-1,-1,3,2,1,0,,
2024-08-18,Greece,1,2025,AEK,OFI Crete,1.22,6.0,13.0,1.5,2.5,2.03,1.78,1.25,5.75,12.0,1.5,2.5,1.9,1.95,,,,,,,,,,,,,,,,,1.2,6.75,12.0,1.25,6.0,10.5,,,,,,,,,,,,,,,,,,,,,,,,1.18,6.93,12.26,1.47,2.59,2.0,1.81,1.2,6.84,12.79,1.52,2.56,1.88,1.97,,,,,,,,,,,,,,,,,,,1.17,6.5,12.0,1.2,5.8,11.0,1.22,7.2,14.0,1.5,2.65,2.06,1.84,1.26,6.85,13.0,1.54,2.6,1.99,1.98,1.19,6.58,11.93,1.47,2.56,2.0,1.8,1.22,6.15,11.47,1.5,2.49,1.89,1.91,-2.0,-1.75,3,0,2,0,18,4,5,1,-1,-1,6,1,13,12,-1,-1,-1,-1,3,2,0,0,,
2024-08-18,Greece,1,2025,Atromitos,Aris,2.88,3.2,2.5,2.05,1.75,1.7,2.1,2.8,3.1,2.55,2.08,1.73,2.03,1.83,,,,,,,,,,,,,,,,,2.85,3.25,2.4,2.7,3.1,2.6,,,,,,,,,,,,,,,,,,,,,,,,2.84,3.24,2.49,2.06,1.74,1.71,2.14,2.88,3.11,2.64,2.12,1.74,2.02,1.85,,,,,,,,,,,,,,,,,,,2.7,3.25,2.38,2.6,3.2,2.5,2.9,3.4,2.5,2.06,1.85,1.8,2.15,2.88,3.3,2.66,2.14,1.83,2.07,1.88,2.8,3.23,2.44,2.02,1.76,1.72,2.08,2.76,3.11,2.57,2.08,1.72,2.0,1.83,0.25,0.0,1,1,0,0,8,10,6,2,-1,-1,3,4,18,19,-1,-1,-1,-1,2,3,0,0,,
2024-08-18,Greece,1,2025,Levadeiakos,Athens Kallithea,2.45,2.88,3.2,2.3,1.6,2.05,1.8,2.25,2.88,3.6,2.4,1.53,1.95,1.9,,,,,,,,,,,,,,,,,2.3,3.1,3.1,2.25,3.1,3.3,,,,,,,,,,,,,,,,,,,,,,,,2.59,3.08,2.85,2.49,1.52,2.2,1.68,2.32,2.97,3.57,2.5,1.55,1.96,1.91,,,,,,,,,,,,,,,,,,,2.38,3.0,2.88,2.15,3.1,3.2,2.59,3.25,3.3,2.5,1.6,2.2,1.84,2.35,3.1,3.6,2.5,1.58,2.0,1.95,2.41,3.06,3.01,2.4,1.54,2.02,1.78,2.27,2.96,3.42,2.39,1.54,1.92,1.87,-0.25,-0.25,0,0,0,0,12,2,3,0,-1,-1,2,5,16,21,-1,-1,-1,-1,3,6,0,0,,
2024-08-18,Greece,1,2025,Panathinaikos,Asteras Tripolis,1.33,4.75,10.0,1.7,2.1,1.98,1.88,1.4,4.2,8.5,1.88,1.98,1.98,1.88,,,,,,,,,,,,,,,,,1.33,5.25,8.5,1.43,4.4,7.0,,,,,,,,,,,,,,,,,,,,,,,,1.3,5.23,9.01,1.67,2.18,1.95,1.87,1.4,4.67,8.11,1.85,1.99,1.98,1.88,,,,,,,,,,,,,,,,,,,1.25,5.0,9.5,1.35,4.4,7.5,1.33,5.5,10.5,1.72,2.2,1.99,1.89,1.43,4.8,8.5,1.97,2.02,2.02,1.95,1.3,5.1,8.94,1.67,2.15,1.93,1.86,1.39,4.47,7.74,1.84,1.94,1.93,1.86,-1.5,-1.25,0,1,0,0,14,12,2,4,-1,-1,8,2,15,15,-1,-1,-1,-1,3,3,1,0,,
2024-08-19,Greece,1,2025,Panetolikos,Lamia,2.15,3.25,3.4,2.1,1.7,1.85,2.0,1.95,3.3,4.0,2.15,1.67,2.0,1.85,,,,,,,,,,,,,,,,,2.15,3.3,3.3,1.95,3.25,3.9,,,,,,,,,,,,,,,,,,,,,,,,2.13,3.24,3.51,2.1,1.71,1.84,1.99,2.0,3.21,4.2,2.15,1.72,2.02,1.86,,,,,,,,,,,,,,,,,,,2.0,3.4,3.3,1.91,3.3,3.7,2.15,3.4,3.75,2.15,1.73,1.86,2.05,2.1,3.4,4.21,2.26,1.73,2.04,1.92,2.1,3.26,3.43,2.1,1.7,1.81,1.98,1.96,3.24,3.96,2.13,1.68,1.97,1.83,-0.25,-0.5,0,1,0,0,9,11,5,5,-1,-1,4,3,14,19,-1,-1,-1,-1,2,7,1,1,,
2024-08-24,Greece,1,2025,AEK,Lamia,1.13,8.5,17.0,1.36,3.1,2.03,1.83,1.09,9.0,23.0,1.33,3.4,1.93,1.93,,,,,,,,,,,,,,,,,1.12,10.0,17.0,1.11,10.0,19.0,,,,,,,,,,,,,,,,,,,,,,,,1.1,10.02,17.71,1.34,3.19,2.0,1.83,1.1,11.1,21.36,1.34,3.26,1.96,1.89,,,,,,,,,,,,,,,,,,,1.07,8.5,21.0,1.06,9.0,21.0,1.13,10.02,26.0,1.36,3.2,2.07,1.86,1.11,11.12,29.0,1.35,3.4,1.99,2.0,1.11,9.16,18.7,1.34,3.06,2.0,1.82,1.09,9.57,20.66,1.33,3.15,1.92,1.88,-2.5,-2.5,1,1,0,1,23,2,5,1,-1,-1,13,1,5,14,-1,-1,-1,-1,1,4,0,0,,
2024-08-24,Greece,1,2025,OFI Crete,Atromitos,2.2,3.4,3.25,1.93,1.93,1.93,1.93,2.4,3.25,3.1,2.1,1.7,2.05,1.8,,,,,,,,,,,,,,,,,2.15,3.4,3.2,2.37,3.2,2.95,,,,,,,,,,,,,,,,,,,,,,,,2.19,3.3,3.3,1.93,1.88,1.9,1.93,2.48,3.09,3.11,2.12,1.74,2.12,1.78,,,,,,,,,,,,,,,,,,,2.05,3.3,3.2,2.25,3.2,2.9,2.25,3.5,3.33,1.95,1.94,1.99,1.94,2.49,3.3,3.12,2.2,1.81,2.13,1.83,2.19,3.33,3.21,1.89,1.88,1.89,1.9,2.38,3.14,3.02,2.06,1.74,2.03,1.78,-0.25,-0.25,1,1,1,0,7,13,2,2,-1,-1,4,3,26,14,-1,-1,-1,-1,8,6,1,2,,
2024-08-24,Greece,1,2025,Panserraikos,Aris,2.7,3.2,2.63,2.1,1.7,1.98,1.88,3.9,3.25,2.0,2.25,1.62,1.85,2.0,,,,,,,,,,,,,,,,,2.7,3.25,2.5,4.0,3.25,1.95,,,,,,,,,,,,,,,,,,,,,,,,2.75,3.18,2.61,2.09,1.73,1.97,1.87,4.4,3.11,1.99,2.26,1.65,1.86,2.01,,,,,,,,,,,,,,,,,,,2.62,3.1,2.5,3.75,3.2,1.91,2.81,3.3,2.7,2.19,1.75,2.0,1.91,4.41,3.4,2.02,2.27,1.78,1.89,2.04,2.71,3.18,2.58,2.09,1.71,1.95,1.87,4.03,3.2,1.96,2.14,1.68,1.83,1.97,0.0,0.5,0,1,0,1,7,11,4,7,-1,-1,4,2,16,20,-1,-1,-1,-1,4,6,0,0,,
2024-08-25,Greece,1,2025,Panathinaikos,Levadeiakos,1.2,6.0,15.0,1.7,2.1,1.83,2.03,1.2,6.0,12.0,1.67,2.15,1.88,1.98,,,,,,,,,,,,,,,,,1.2,6.5,13.5,1.22,6.0,12.5,,,,,,,,,,,,,,,,,,,,,,,,1.19,6.25,13.49,1.67,2.14,1.8,2.01,1.2,6.45,15.14,1.69,2.17,1.86,2.0,,,,,,,,,,,,,,,,,,,1.15,6.0,15.0,1.17,6.0,13.0,1.22,6.5,17.0,1.7,2.2,1.91,2.04,1.22,6.5,15.14,1.74,2.2,1.94,2.0,1.19,6.12,13.94,1.67,2.14,1.83,1.96,1.2,6.04,13.47,1.68,2.12,1.88,1.92,-1.75,-1.75,1,0,0,0,16,9,5,2,-1,-1,7,3,14,19,-1,-1,-1,-1,2,2,0,0,,
2024-08-25,Greece,1,2025,Asteras Tripolis,Volos NFC,2.1,3.2,3.6,2.1,1.7,1.8,2.05,1.9,3.3,4.33,2.1,1.7,1.9,1.95,,,,,,,,,,,,,,,,,2.15,3.3,3.3,1.95,3.25,3.9,,,,,,,,,,,,,,,,,,,,,,,,2.04,3.25,3.76,2.11,1.71,1.75,2.08,1.93,3.22,4.54,2.16,1.71,1.94,1.93,,,,,,,,,,,,,,,,,,,2.0,3.3,3.3,1.8,3.4,4.0,2.15,3.44,3.76,2.16,1.74,1.85,2.09,2.0,3.5,4.55,2.21,1.73,1.95,1.99,2.07,3.25,3.53,2.11,1.7,1.79,2.01,1.9,3.27,4.18,2.12,1.69,1.9,1.89,-0.25,-0.5,0,1,0,1,17,6,3,3,-1,-1,13,0,10,18,-1,-1,-1,-1,3,4,0,0,,
2024-08-25,Greece,1,2025,PAOK,Panetolikos,1.22,6.5,11.0,1.53,2.4,1.8,2.05,1.27,6.0,9.5,1.57,2.35,2.03,1.83,,,,,,,,,,,,,,,,,1.22,6.5,12.0,1.24,6.0,11.5,,,,,,,,,,,,,,,,,,,,,,,,1.2,6.43,11.63,1.51,2.5,1.8,2.02,1.26,5.99,10.69,1.61,2.36,2.06,1.81,,,,,,,,,,,,,,,,,,,1.15,6.5,13.0,1.2,5.8,11.0,1.22,6.8,15.0,1.53,2.55,1.83,2.07,1.27,6.8,13.0,1.61,2.47,2.09,2.0,1.2,6.34,12.09,1.51,2.46,1.79,2.0,1.23,6.08,10.99,1.54,2.4,1.92,1.88,-1.75,-1.75,2,0,0,0,17,5,10,2,-1,-1,4,1,17,16,-1,-1,-1,-1,2,5,0,0,,
2024-08-26,Greece,1,2025,Olympiakos,Athens Kallithea,1.11,8.0,21.0,1.5,2.5,1.93,1.93,1.14,7.0,21.0,1.57,2.35,1.8,2.05,,,,,,,,,,,,,,,,,1.12,9.25,21.0,1.15,8.0,16.0,,,,,,,,,,,,,,,,,,,,,,,,1.1,9.78,20.11,1.51,2.52,1.88,1.93,1.13,8.93,17.6,1.56,2.44,1.83,2.03,,,,,,,,,,,,,,,,,,,1.06,8.0,26.0,1.08,7.5,21.0,1.12,9.78,26.0,1.51,2.6,1.94,1.96,1.15,8.93,23.0,1.6,2.45,1.87,2.09,1.1,8.9,20.64,1.48,2.51,1.87,1.92,1.13,7.78,18.27,1.55,2.39,1.82,1.98,-2.25,-2.0,2,1,1,0,13,8,5,4,-1,-1,7,3,11,16,-1,-1,-1,-1,1,2,0,0,,
2024-08-31,Greece,1,2025,Aris,Asteras Tripolis,1.65,3.6,5.5,2.05,1.8,1.85,2.0,1.85,3.25,4.5,2.2,1.65,1.88,1.98,,,,,,,,,,,,,,,,,1.7,3.6,4.8,1.87,3.3,4.2,,,,,,,,,,,,,,,,,,,,,,,,1.65,3.69,5.33,2.03,1.79,1.85,1.98,1.87,3.44,4.43,2.21,1.68,1.88,1.98,,,,,,,,,,,,,,,,,,,1.62,3.7,4.8,1.8,3.4,4.0,1.73,3.82,5.5,2.05,1.83,1.9,2.05,1.9,3.5,4.75,2.26,1.7,1.9,2.0,1.66,3.68,5.08,2.01,1.77,1.85,1.93,1.85,3.36,4.29,2.17,1.65,1.85,1.93,-0.75,-0.5,1,1,0,0,15,13,12,10,-1,-1,4,3,0,0,-1,-1,-1,-1,4,3,0,1,,
2024-08-31,Greece,1,2025,Lamia,Olympiakos,13.0,5.75,1.22,1.5,2.5,1.98,1.88,12.0,5.25,1.27,1.6,2.3,2.03,1.78,,,,,,,,,,,,,,,,,10.5,6.25,1.23,9.75,5.75,1.27,,,,,,,,,,,,,,,,,,,,,,,,11.12,6.37,1.21,1.48,2.58,1.98,1.84,11.24,5.99,1.26,1.6,2.39,2.04,1.84,,,,,,,,,,,,,,,,,,,12.0,6.0,1.18,10.0,5.5,1.22,13.0,6.6,1.24,1.5,2.75,1.99,1.92,12.0,6.0,1.29,1.62,2.39,2.08,1.85,11.45,6.26,1.22,1.46,2.59,1.95,1.84,10.6,5.59,1.26,1.58,2.31,2.0,1.8,1.75,1.5,0,3,0,1,7,13,5,8,-1,-1,4,6,16,14,-1,-1,-1,-1,2,1,0,0,,
2024-08-31,Greece,1,2025,Panetolikos,Panserraikos,1.95,3.2,4.2,2.25,1.62,1.98,1.88,2.0,3.1,4.1,2.35,1.57,2.03,1.83,,,,,,,,,,,,,,,,,2.0,3.25,3.7,2.05,3.0,4.0,,,,,,,,,,,,,,,,,,,,,,,,1.93,3.35,4.02,2.24,1.65,1.95,1.88,2.04,2.94,4.55,2.4,1.59,2.06,1.83,,,,,,,,,,,,,,,,,,,1.91,3.25,3.7,1.95,3.2,3.6,2.0,3.5,4.2,2.28,1.65,2.02,1.93,2.15,3.2,4.55,2.49,1.6,2.15,1.83,1.96,3.32,3.87,2.22,1.63,1.96,1.84,2.04,3.01,4.05,2.32,1.57,2.04,1.77,-0.5,-0.5,3,0,1,0,10,10,8,7,-1,-1,3,4,16,14,-1,-1,-1,-1,4,3,0,0,,
2024-09-01,Greece,1,2025,Levadeiakos,AEK,11.0,5.5,1.27,1.65,2.2,2.03,1.83,8.0,4.75,1.38,1.65,2.2,2.0,1.85,,,,,,,,,,,,,,,,,10.5,5.75,1.26,7.0,5.0,1.38,,,,,,,,,,,,,,,,,,,,,,,,8.73,5.85,1.27,1.63,2.24,2.02,1.81,7.63,5.19,1.37,1.67,2.23,2.02,1.85,,,,,,,,,,,,,,,,,,,10.0,5.5,1.22,7.5,4.75,1.33,14.0,6.0,1.3,1.65,2.27,2.04,1.87,8.5,5.19,1.39,1.68,2.31,2.06,1.87,9.86,5.59,1.26,1.62,2.21,1.99,1.8,7.43,4.9,1.37,1.64,2.19,1.97,1.83,1.5,1.25,0,3,0,1,9,17,5,13,-1,-1,1,6,10,14,-1,-1,-1,-1,3,3,0,0,,
2024-09-01,Greece,1,2025,Athens Kallithea,Panathinaikos,8.0,4.33,1.4,1.7,2.1,1.98,1.88,8.5,4.1,1.42,1.93,1.93,1.85,2.0,,,,,,,,,,,,,,,,,8.0,5.0,1.36,7.25,4.5,1.41,,,,,,,,,,,,,,,,,,,,,,,,6.38,5.05,1.4,1.74,2.07,1.93,1.89,7.78,4.64,1.41,1.87,1.96,1.89,1.98,,,,,,,,,,,,,,,,,,,7.5,4.6,1.33,8.0,4.5,1.33,8.5,5.2,1.43,1.75,2.15,2.02,1.9,9.0,4.75,1.43,1.97,1.96,1.92,2.0,7.16,4.84,1.37,1.71,2.09,1.92,1.86,7.77,4.47,1.39,1.86,1.91,1.86,1.93,1.25,1.25,2,2,1,1,16,14,7,10,-1,-1,9,3,27,7,-1,-1,-1,-1,4,2,0,0,,
2024-09-01,Greece,1,2025,Atromitos,PAOK,6.25,4.75,1.44,1.62,2.25,1.85,2.0,6.5,4.33,1.48,1.93,1.93,2.03,1.83,,,,,,,,,,,,,,,,,6.25,4.5,1.46,6.5,4.33,1.46,,,,,,,,,,,,,,,,,,,,,,,,6.05,4.63,1.45,1.64,2.22,1.82,2.01,6.83,4.46,1.47,1.91,1.93,2.07,1.82,,,,,,,,,,,,,,,,,,,6.0,4.5,1.4,7.0,4.2,1.4,7.0,4.75,1.47,1.65,2.38,1.88,2.02,7.0,4.6,1.48,1.97,1.93,2.13,1.83,6.16,4.55,1.44,1.61,2.24,1.81,1.97,6.56,4.35,1.45,1.89,1.88,2.04,1.77,1.25,1.0,1,2,0,1,5,6,3,4,-1,-1,4,2,17,16,-1,-1,-1,-1,4,3,0,0,,
2024-09-01,Greece,1,2025,Volos NFC,OFI Crete,2.5,3.1,2.9,2.1,1.7,1.78,2.1,2.45,3.1,3.1,2.25,1.62,2.1,1.78,,,,,,,,,,,,,,,,,2.45,3.25,2.8,2.45,3.0,3.0,,,,,,,,,,,,,,,,,,,,,,,,2.45,3.22,2.93,2.11,1.71,1.75,2.1,2.5,2.86,3.34,2.27,1.65,2.11,1.78,,,,,,,,,,,,,,,,,,,2.38,3.25,2.7,2.3,3.1,2.9,2.65,3.32,3.0,2.16,1.75,1.85,2.11,2.5,3.1,3.34,2.31,1.69,2.11,1.8,2.44,3.19,2.85,2.09,1.71,1.78,2.07,2.42,2.97,3.1,2.2,1.64,2.04,1.77,0.0,-0.25,1,3,0,1,10,5,3,3,-1,-1,7,0,26,19,-1,-1,-1,-1,3,2,0,0,,
2024-09-14,Greece,1,2025,Lamia,Athens Kallithea,2.25,3.2,3.3,2.3,1.6,1.98,1.88,3.2,3.2,2.3,2.15,1.67,1.88,1.98,,,,,,,,,,,,,,,,,2.3,3.2,3.1,3.2,3.1,2.3,,,,,,,,,,,,,,,,,,,,,,,,2.25,3.32,3.19,2.38,1.58,1.95,1.88,3.46,3.06,2.36,2.28,1.67,1.88,2.0,,,,,,,,,,,,,,,,,,,2.25,3.1,3.0,3.1,3.1,2.2,2.34,3.33,3.3,2.43,1.6,2.0,1.91,3.46,3.2,2.36,2.43,1.7,1.91,2.0,2.26,3.24,3.15,2.34,1.57,1.95,1.85,3.25,3.07,2.3,2.21,1.63,1.85,1.96,-0.25,0.25,0,0,0,0,9,10,3,5,-1,-1,1,3,16,20,-1,-1,-1,-1,2,2,0,0,,
2024-09-14,Greece,1,2025,Asteras Tripolis,Atromitos,1.91,3.4,4.0,2.25,1.62,1.93,1.93,2.55,3.0,3.0,2.25,1.62,2.1,1.7,,,,,,,,,,,,,,,,,1.95,3.3,3.9,2.45,3.0,3.0,,,,,,,,,,,,,,,,,,,,,,,,1.94,3.37,4.04,2.26,1.64,1.95,1.88,2.56,3.01,3.16,2.35,1.63,2.17,1.76,,,,,,,,,,,,,,,,,,,1.91,3.2,3.8,2.38,3.0,2.88,2.0,3.4,4.2,2.3,1.65,2.0,1.94,2.56,3.2,3.16,2.44,1.63,2.19,1.77,1.95,3.3,3.94,2.23,1.62,1.94,1.86,2.47,3.02,3.0,2.3,1.59,2.08,1.73,-0.5,-0.25,1,2,1,2,15,8,6,2,-1,-1,6,1,17,18,-1,-1,-1,-1,1,5,0,0,,
2024-09-15,Greece,1,2025,OFI Crete,Aris,3.1,3.3,2.3,2.05,1.75,1.85,2.0,3.4,3.4,2.1,2.03,1.83,2.03,1.83,,,,,,,,,,,,,,,,,2.9,3.3,2.3,3.3,3.2,2.15,,,,,,,,,,,,,,,,,,,,,,,,3.02,3.52,2.25,2.03,1.78,1.86,1.96,3.71,3.23,2.17,2.06,1.83,2.04,1.85,,,,,,,,,,,,,,,,,,,2.9,3.3,2.2,3.2,3.3,2.05,3.1,3.56,2.35,2.12,1.8,1.86,2.04,3.71,3.4,2.2,2.1,1.87,2.09,1.85,2.98,3.39,2.26,2.01,1.76,1.83,1.95,3.44,3.23,2.13,2.01,1.77,1.98,1.82,0.25,0.25,3,2,1,0,10,15,7,6,-1,-1,6,7,18,18,-1,-1,-1,-1,3,2,0,0,,
2024-09-15,Greece,1,2025,Olympiakos,Panetolikos,1.14,8.0,17.0,1.53,2.4,2.05,1.75,1.17,7.5,15.0,1.5,2.5,1.85,2.0,,,,,,,,,,,,,,,,,1.15,7.75,16.0,1.17,7.5,13.5,,,,,,,,,,,,,,,,,,,,,,,,1.13,8.88,16.25,1.54,2.45,2.07,1.74,1.14,8.88,16.63,1.51,2.59,1.86,2.02,,,,,,,,,,,,,,,,,,,1.11,7.0,17.0,1.12,7.0,15.0,1.17,9.0,21.0,1.55,2.55,2.11,1.86,1.17,8.88,20.0,1.51,2.6,1.93,2.02,1.13,7.95,16.26,1.51,2.44,2.04,1.77,1.15,7.65,15.27,1.48,2.54,1.86,1.94,-2.25,-2.0,0,0,0,0,20,7,5,0,-1,-1,8,0,7,11,-1,-1,-1,-1,0,2,0,0,,
2024-09-15,Greece,1,2025,PAOK,Panathinaikos,1.83,3.4,4.5,2.0,1.85,1.88,1.98,2.0,3.3,3.9,1.98,1.88,2.03,1.83,,,,,,,,,,,,,,,,,1.83,3.6,4.0,2.0,3.25,3.7,,,,,,,,,,,,,,,,,,,,,,,,1.88,3.41,4.26,1.99,1.83,1.88,1.93,2.05,3.28,4.05,1.97,1.89,2.06,1.84,,,,,,,,,,,,,,,,,,,1.8,3.4,4.0,1.91,3.3,3.6,1.92,3.6,4.5,2.0,1.87,1.9,2.05,2.1,3.5,4.1,2.02,1.91,2.1,1.86,1.86,3.43,4.11,1.95,1.82,1.85,1.94,1.99,3.27,3.84,1.93,1.84,2.01,1.8,-0.5,-0.5,0,0,0,0,10,5,4,4,-1,-1,6,4,16,13,-1,-1,-1,-1,1,3,0,0,,
2024-09-15,Greece,1,2025,Panserraikos,Levadeiakos,2.15,3.0,3.8,2.4,1.53,1.83,2.03,2.35,2.9,3.4,2.5,1.5,2.0,1.85,,,,,,,,,,,,,,,,,2.1,3.1,3.5,2.35,2.85,3.4,,,,,,,,,,,,,,,,,,,,,,,,2.16,3.19,3.54,2.49,1.53,1.85,1.97,2.38,2.87,3.7,2.65,1.52,1.99,1.89,,,,,,,,,,,,,,,,,,,2.05,3.1,3.4,2.2,3.0,3.2,2.2,3.3,3.8,2.55,1.55,1.85,2.05,2.4,3.0,3.7,2.65,1.54,2.04,1.92,2.13,3.13,3.52,2.43,1.53,1.82,1.97,2.33,2.84,3.46,2.51,1.5,1.96,1.84,-0.25,-0.25,2,2,2,0,7,8,4,6,-1,-1,2,5,16,17,-1,-1,-1,-1,6,4,0,1,,
2024-09-16,Greece,1,2025,AEK,Volos NFC,1.11,10.0,16.0,1.4,2.88,1.95,1.9,1.14,8.0,13.0,1.48,2.6,2.05,1.8,,,,,,,,,,,,,,,,,1.1,10.0,23.0,1.16,8.0,14.5,,,,,,,,,,,,,,,,,,,,,,,,1.09,10.69,22.76,1.41,2.84,1.95,1.85,1.14,8.51,18.3,1.5,2.67,2.04,1.84,,,,,,,,,,,,,,,,,,,1.05,9.0,26.0,1.07,8.0,23.0,1.11,11.0,34.0,1.42,3.0,1.98,1.94,1.16,8.83,23.0,1.5,2.7,2.13,1.86,1.08,9.74,23.09,1.39,2.84,1.93,1.87,1.13,7.93,16.58,1.46,2.63,2.02,1.79,-2.5,-2.25,2,0,1,0,9,8,6,2,-1,-1,3,5,14,14,-1,-1,-1,-1,2,3,0,0,,
2024-09-21,Greece,1,2025,Aris,Olympiakos,6.0,3.9,1.6,1.85,2.0,1.8,2.05,5.25,3.7,1.67,2.0,1.85,1.98,1.88,,,,,,,,,,,,,,,,,5.0,4.0,1.6,5.25,3.75,1.63,,,,,,,,,,,,,,,,,,,,,,,,5.58,3.95,1.59,1.85,1.99,1.82,2.05,5.49,3.75,1.68,2.02,1.86,2.0,1.88,,,,,,,,,,,,,,,,,,,5.0,3.9,1.55,5.0,3.75,1.57,6.0,4.1,1.65,1.88,2.02,1.83,2.16,5.75,4.0,1.7,2.02,1.95,2.12,1.91,5.34,3.92,1.6,1.82,1.96,1.79,2.03,5.14,3.72,1.65,1.94,1.83,1.97,1.83,1.0,0.75,2,1,2,0,6,9,3,4,-1,-1,3,5,12,18,-1,-1,-1,-1,2,4,0,0,,
2024-09-21,Greece,1,2025,Panetolikos,Asteras Tripolis,2.3,3.1,3.3,2.2,1.65,1.98,1.88,3.0,3.0,2.55,2.25,1.62,2.1,1.78,,,,,,,,,,,,,,,,,2.25,3.25,3.1,2.9,3.0,2.5,,,,,,,,,,,,,,,,,,,,,,,,2.3,3.29,3.16,2.24,1.66,1.99,1.87,3.12,2.94,2.65,2.36,1.63,2.12,1.79,,,,,,,,,,,,,,,,,,,2.2,3.2,3.0,2.88,3.0,2.4,2.32,3.4,3.3,2.27,1.68,2.02,1.93,3.12,3.1,2.75,2.37,1.63,2.2,1.83,2.27,3.23,3.14,2.19,1.64,1.94,1.84,3.0,2.93,2.53,2.27,1.6,2.1,1.76,-0.25,0.0,1,1,1,1,10,10,3,3,-1,-1,1,3,11,17,-1,-1,-1,-1,4,5,0,1,,
2024-09-21,Greece,1,2025,Volos NFC,PAOK,8.0,5.25,1.33,1.6,2.3,1.88,1.98,8.5,4.33,1.38,2.1,1.7,1.93,1.93,,,,,,,,,,,,,,,,,8.0,5.25,1.34,8.5,4.5,1.37,,,,,,,,,,,,,,,,,,,,,,,,8.34,5.18,1.33,1.61,2.34,1.87,1.99,9.61,4.51,1.39,2.15,1.74,1.94,1.94,,,,,,,,,,,,,,,,,,,8.0,5.0,1.29,9.0,4.5,1.3,9.5,5.5,1.35,1.62,2.35,1.89,2.02,9.66,4.75,1.39,2.21,1.88,1.97,2.0,8.25,5.12,1.33,1.59,2.29,1.84,1.96,9.06,4.42,1.36,2.08,1.73,1.91,1.89,1.5,1.25,1,4,0,1,4,11,3,8,-1,-1,4,5,14,17,-1,-1,-1,-1,4,1,1,0,,
2024-09-22,Greece,1,2025,Levadeiakos,OFI Crete,2.45,3.0,3.1,2.25,1.62,2.1,1.78,2.45,3.0,3.1,2.2,1.65,2.1,1.78,,,,,,,,,,,,,,,,,2.45,3.2,2.85,2.35,3.1,3.1,,,,,,,,,,,,,,,,,,,,,,,,2.45,3.1,3.09,2.28,1.63,2.09,1.78,2.5,2.94,3.36,2.31,1.65,2.1,1.81,,,,,,,,,,,,,,,,,,,2.38,3.0,2.88,2.25,3.1,3.0,2.6,3.2,3.1,2.29,1.65,2.13,1.78,2.5,3.15,3.4,2.34,1.67,2.13,1.88,2.44,3.06,2.97,2.25,1.61,2.07,1.74,2.37,2.97,3.22,2.24,1.63,2.02,1.79,-0.25,-0.25,1,1,0,0,13,3,5,3,-1,-1,4,2,21,24,-1,-1,-1,-1,3,3,0,0,,
2024-09-22,Greece,1,2025,Panathinaikos,Panserraikos,1.2,6.5,13.0,1.57,2.35,2.03,1.83,1.18,6.5,15.0,1.53,2.4,1.98,1.88,,,,,,,,,,,,,,,,,1.2,6.75,13.5,1.19,6.75,13.5,,,,,,,,,,,,,,,,,,,,,,,,1.18,6.77,14.02,1.55,2.43,2.02,1.81,1.17,7.34,17.35,1.56,2.48,1.97,1.9,,,,,,,,,,,,,,,,,,,1.15,6.5,13.0,1.14,6.5,15.0,1.2,7.0,17.0,1.58,2.55,2.05,1.85,1.19,7.34,18.0,1.57,2.5,2.04,1.91,1.18,6.62,13.64,1.53,2.4,1.99,1.81,1.17,6.69,15.11,1.54,2.4,1.98,1.83,-2.0,-2.0,3,1,1,1,23,15,20,11,-1,-1,7,1,8,15,-1,-1,-1,-1,1,4,0,0,,
2024-09-22,Greece,1,2025,Atromitos,Lamia,1.85,3.4,4.33,2.03,1.83,1.88,1.98,1.67,3.7,5.25,1.93,1.93,1.88,1.98,,,,,,,,,,,,,,,,,1.82,3.6,4.1,1.65,3.6,5.25,,,,,,,,,,,,,,,,,,,,,,,,1.89,3.43,4.2,1.99,1.84,1.9,1.93,1.68,3.49,6.21,1.95,1.92,1.88,2.01,,,,,,,,,,,,,,,,,,,1.83,3.5,3.7,1.57,3.75,5.0,1.95,3.6,4.33,2.06,1.84,1.95,2.0,1.7,3.75,6.21,1.97,1.95,1.92,2.04,1.87,3.44,4.0,1.97,1.81,1.89,1.92,1.65,3.57,5.57,1.9,1.87,1.83,1.98,-0.5,-0.75,4,2,1,1,11,3,9,2,-1,-1,6,2,15,11,-1,-1,-1,-1,1,1,0,0,,
2024-09-22,Greece,1,2025,Athens Kallithea,AEK,8.5,5.0,1.33,1.67,2.15,2.05,1.75,5.75,4.2,1.53,1.73,2.08,1.98,1.88,,,,,,,,,,,,,,,,,7.75,4.8,1.36,5.5,4.33,1.52,,,,,,,,,,,,,,,,,,,,,,,,7.99,5.04,1.35,1.69,2.16,2.05,1.8,6.18,4.35,1.53,1.77,2.11,1.98,1.9,,,,,,,,,,,,,,,,,,,8.0,4.8,1.3,5.8,4.2,1.44,9.0,5.1,1.37,1.74,2.17,2.07,1.83,7.0,4.5,1.53,1.81,2.14,2.12,1.93,8.01,4.88,1.34,1.68,2.13,2.0,1.78,5.97,4.28,1.49,1.73,2.06,1.97,1.84,1.25,1.0,0,0,0,0,10,13,2,6,-1,-1,2,13,12,19,-1,-1,-1,-1,3,5,0,0,,
2024-09-28,Greece,1,2025,Asteras Tripolis,Levadeiakos,1.8,3.4,4.75,2.25,1.62,1.8,2.05,1.95,3.2,4.2,2.5,1.5,2.0,1.85,,,,,,,,,,,,,,,,,1.78,3.5,4.4,2.0,2.95,4.2,,,,,,,,,,,,,,,,,,,,,,,,1.82,3.44,4.59,2.3,1.63,1.83,2.03,2.01,3.06,4.64,2.55,1.55,2.02,1.88,,,,,,,,,,,,,,,,,,,1.75,3.4,4.2,1.91,3.2,3.9,1.86,3.5,4.75,2.3,1.64,1.86,2.08,2.02,3.2,4.64,2.58,1.55,2.04,1.91,1.8,3.41,4.45,2.23,1.62,1.79,2.0,1.97,3.05,4.25,2.45,1.51,1.97,1.82,-0.5,-0.5,1,1,1,1,8,13,5,9,-1,-1,4,3,0,0,-1,-1,-1,-1,2,3,0,0,,
2024-09-28,Greece,1,2025,Volos NFC,Athens Kallithea,2.3,3.3,3.0,2.2,1.65,2.0,1.85,2.6,2.9,3.0,2.35,1.57,1.78,2.1,,,,,,,,,,,,,,,,,2.3,3.2,3.1,2.5,3.0,2.9,,,,,,,,,,,,,,,,,,,,,,,,2.37,3.2,3.12,2.29,1.64,2.04,1.83,2.66,2.88,3.17,2.41,1.61,1.78,2.13,,,,,,,,,,,,,,,,,,,2.2,3.2,3.0,2.4,3.1,2.75,2.4,3.3,3.2,2.29,1.67,2.06,1.92,2.75,3.1,3.17,2.41,1.61,1.85,2.16,2.31,3.19,3.06,2.21,1.64,1.98,1.81,2.58,2.9,2.97,2.31,1.58,1.78,2.06,-0.25,0.0,1,1,1,1,11,3,6,2,-1,-1,6,4,18,20,-1,-1,-1,-1,2,1,0,0,,
2024-09-29,Greece,1,2025,AEK,Panathinaikos,1.85,3.5,4.33,1.83,2.03,1.85,2.0,1.95,3.4,4.0,1.88,1.98,1.98,1.88,,,,,,,,,,,,,,,,,1.78,3.7,4.1,1.93,3.4,3.8,,,,,,,,,,,,,,,,,,,,,,,,1.83,3.54,4.32,1.83,2.0,1.84,2.0,2.01,3.25,4.25,1.89,1.97,2.02,1.87,,,,,,,,,,,,,,,,,,,1.75,3.6,4.0,1.91,3.4,3.6,1.88,3.9,4.5,1.85,2.07,1.86,2.1,2.01,3.45,4.25,1.97,2.0,2.02,1.91,1.82,3.57,4.1,1.79,1.99,1.82,1.97,1.94,3.33,3.96,1.84,1.93,1.93,1.86,-0.5,-0.5,2,0,1,0,15,7,4,4,-1,-1,6,1,20,17,-1,-1,-1,-1,6,4,0,0,,
2024-09-29,Greece,1,2025,OFI Crete,Panetolikos,1.91,3.5,4.0,2.05,1.75,1.93,1.93,2.15,3.25,3.3,2.15,1.67,1.93,1.93,,,,,,,,,,,,,,,,,1.95,3.4,3.7,2.15,3.1,3.4,,,,,,,,,,,,,,,,,,,,,,,,1.89,3.34,4.35,2.1,1.78,1.9,1.93,2.22,3.11,3.73,2.22,1.7,1.89,2.0,,,,,,,,,,,,,,,,,,,1.85,3.3,3.9,2.1,3.2,3.25,1.98,3.5,4.35,2.1,1.78,1.99,1.93,2.25,3.3,3.8,2.22,1.74,1.93,2.02,1.9,3.35,4.02,2.04,1.75,1.9,1.88,2.14,3.13,3.53,2.13,1.68,1.84,1.97,-0.5,-0.25,1,2,1,0,7,10,4,4,-1,-1,4,2,13,14,-1,-1,-1,-1,2,4,0,0,,
2024-09-29,Greece,1,2025,Olympiakos,Atromitos,1.25,5.5,12.0,1.67,2.15,1.98,1.88,1.48,4.0,7.0,1.9,1.95,1.83,2.03,,,,,,,,,,,,,,,,,1.24,6.0,11.5,1.49,4.2,6.25,,,,,,,,,,,,,,,,,,,,,,,,1.22,6.21,11.94,1.71,2.13,1.95,1.87,1.5,4.29,6.9,1.9,1.97,1.86,2.03,,,,,,,,,,,,,,,,,,,1.2,5.5,12.0,1.4,4.33,6.5,1.26,6.21,14.0,1.71,2.2,2.02,1.88,1.5,4.4,7.25,1.97,2.09,1.86,2.06,1.22,5.8,11.5,1.67,2.12,1.93,1.84,1.46,4.2,6.57,1.82,1.95,1.8,2.01,-1.75,-1.0,2,0,1,0,12,4,7,2,-1,-1,5,5,19,7,-1,-1,-1,-1,2,1,0,0,,
2024-09-29,Greece,1,2025,PAOK,Aris,1.7,3.7,5.0,1.88,1.98,1.9,1.95,1.5,4.1,6.5,1.85,2.0,1.83,2.03,,,,,,,,,,,,,,,,,1.66,3.8,4.6,1.52,4.0,6.25,,,,,,,,,,,,,,,,,,,,,,,,1.69,3.73,4.94,1.89,1.93,1.91,1.93,1.52,4.07,7.09,1.85,2.02,1.87,2.02,,,,,,,,,,,,,,,,,,,1.62,3.75,4.5,1.5,3.9,6.0,1.73,3.8,5.0,1.9,1.98,1.93,1.99,1.57,4.3,7.09,1.9,2.02,1.98,2.08,1.68,3.69,4.73,1.85,1.91,1.87,1.9,1.52,3.97,6.24,1.84,1.93,1.87,1.95,-0.75,-1.0,0,1,0,0,12,9,3,8,-1,-1,5,5,8,12,-1,-1,-1,-1,2,3,0,0,,
2024-09-30,Greece,1,2025,Lamia,Panserraikos,2.55,3.3,2.75,2.08,1.73,1.85,2.0,2.6,3.2,2.8,2.25,1.62,1.85,2.0,,,,,,,,,,,,,,,,,2.4,3.3,2.8,2.55,3.0,2.85,,,,,,,,,,,,,,,,,,,,,,,,2.48,3.49,2.74,2.12,1.72,1.83,2.02,2.63,3.02,3.05,2.35,1.63,1.81,2.1,,,,,,,,,,,,,,,,,,,2.4,3.2,2.7,2.38,3.0,2.88,2.56,3.5,2.9,2.12,1.78,1.91,2.2,2.71,3.2,3.1,2.36,1.66,1.91,2.1,2.45,3.33,2.74,2.05,1.73,1.81,2.02,2.55,3.01,2.89,2.27,1.6,1.82,2.02,0.0,0.0,1,2,0,1,10,12,2,8,-1,-1,6,5,9,19,-1,-1,-1,-1,1,5,1,1,,
2024-10-05,Greece,1,2025,Atromitos,Volos NFC,1.85,3.2,4.75,2.2,1.65,1.85,2.0,1.8,3.25,4.75,2.05,1.8,1.8,2.05,,,,,,,,,,,,,,,,,1.83,3.4,4.33,1.82,3.25,4.6,,,,,,,,,,,,,,,,,,,,,,,,1.86,3.25,4.69,2.24,1.67,1.88,1.98,1.85,3.2,5.31,2.08,1.79,1.85,2.04,,,,,,,,,,,,,,,,,,,1.75,3.4,4.2,1.7,3.5,4.4,1.88,3.5,4.8,2.24,1.67,1.92,2.07,1.9,3.5,5.31,2.11,1.87,1.86,2.09,1.83,3.29,4.5,2.19,1.64,1.83,1.96,1.81,3.21,4.84,2.02,1.76,1.8,2.0,-0.5,-0.5,1,2,1,0,9,4,3,4,-1,-1,5,1,13,21,-1,-1,-1,-1,1,6,1,1,,
2024-10-05,Greece,1,2025,Panetolikos,AEK,10.0,4.75,1.33,1.8,2.0,1.85,2.0,9.0,4.5,1.36,1.73,2.08,2.03,1.78,,,,,,,,,,,,,,,,,9.0,5.0,1.32,7.75,4.75,1.37,,,,,,,,,,,,,,,,,,,,,,,,9.5,5.25,1.3,1.8,2.03,1.86,2.0,9.33,5.19,1.34,1.78,2.1,2.07,1.83,,,,,,,,,,,,,,,,,,,9.0,5.0,1.29,8.0,4.75,1.3,10.5,5.75,1.35,1.81,2.06,1.96,2.05,9.5,5.19,1.38,1.81,2.16,2.07,1.86,9.17,5.01,1.31,1.77,1.99,1.82,1.97,8.52,4.78,1.35,1.74,2.05,2.0,1.8,1.5,1.25,1,0,0,0,9,16,6,5,-1,-1,4,4,14,15,-1,-1,-1,-1,4,4,0,0,,
2024-10-05,Greece,1,2025,Aris,Lamia,1.48,4.1,7.0,1.85,2.0,1.83,2.03,1.38,4.5,8.0,1.7,2.1,1.88,1.98,,,,,,,,,,,,,,,,,1.49,4.33,6.0,1.37,4.8,7.75,,,,,,,,,,,,,,,,,,,,,,,,1.5,4.22,6.3,1.88,1.95,1.85,2.0,1.37,5.01,8.51,1.71,2.2,1.87,2.02,,,,,,,,,,,,,,,,,,,1.44,4.2,6.0,1.29,5.0,8.0,1.51,4.35,7.0,1.88,2.02,1.85,2.04,1.4,5.25,9.0,1.74,2.23,1.91,2.09,1.49,4.2,6.24,1.82,1.95,1.81,1.96,1.35,4.81,8.04,1.67,2.15,1.83,1.99,-1.0,-1.25,2,0,2,0,9,7,7,2,-1,-1,4,1,11,18,-1,-1,-1,-1,1,3,0,0,,
2024-10-06,Greece,1,2025,Panathinaikos,Olympiakos,2.7,3.2,2.63,2.05,1.75,1.95,1.9,2.75,3.25,2.55,2.0,1.85,2.0,1.85,,,,,,,,,,,,,,,,,2.6,3.3,2.6,2.7,3.2,2.6,,,,,,,,,,,,,,,,,,,,,,,,2.84,2.97,2.74,2.0,1.83,1.95,1.88,2.92,3.05,2.72,2.03,1.85,2.02,1.88,,,,,,,,,,,,,,,,,,,2.5,3.3,2.5,2.62,3.1,2.5,2.84,3.4,2.74,2.07,1.83,1.98,1.92,2.92,3.25,2.75,2.04,1.87,2.04,1.9,2.69,3.11,2.63,1.99,1.78,1.93,1.88,2.75,3.09,2.62,1.95,1.82,1.98,1.86,0.0,0.0,0,0,0,0,14,13,6,6,-1,-1,6,7,13,15,-1,-1,-1,-1,3,4,0,0,,
2024-10-06,Greece,1,2025,Panserraikos,OFI Crete,2.63,3.2,2.7,2.15,1.67,1.9,1.95,2.4,3.2,3.0,2.2,1.65,2.1,1.78,,,,,,,,,,,,,,,,,2.65,3.25,2.6,2.45,3.1,2.9,,,,,,,,,,,,,,,,,,,,,,,,2.68,3.1,2.78,2.2,1.68,1.88,1.95,2.58,3.06,3.09,2.21,1.71,2.18,1.74,,,,,,,,,,,,,,,,,,,2.5,3.25,2.6,2.38,3.1,2.8,2.7,3.3,2.78,2.2,1.73,1.94,1.97,2.62,3.2,3.1,2.23,1.71,2.25,1.83,2.64,3.15,2.68,2.14,1.67,1.89,1.92,2.46,3.06,2.95,2.18,1.65,2.09,1.74,0.0,-0.25,2,3,2,2,15,13,11,9,-1,-1,7,4,14,19,-1,-1,-1,-1,3,2,0,0,,
2024-10-06,Greece,1,2025,Athens Kallithea,Asteras Tripolis,2.38,3.1,3.1,2.25,1.62,2.05,1.8,2.5,3.25,2.8,2.1,1.7,1.83,2.03,,,,,,,,,,,,,,,,,2.45,3.2,2.8,2.45,3.2,2.85,,,,,,,,,,,,,,,,,,,,,,,,2.44,3.08,3.12,2.29,1.63,2.08,1.78,2.65,3.0,3.05,2.16,1.74,1.81,2.09,,,,,,,,,,,,,,,,,,,2.3,3.1,2.9,2.3,3.2,2.8,2.5,3.22,3.14,2.3,1.69,2.12,1.83,2.65,3.25,3.05,2.21,1.77,1.85,2.17,2.39,3.08,3.02,2.23,1.61,2.03,1.76,2.51,3.05,2.91,2.12,1.69,1.79,2.07,-0.25,0.0,1,3,1,1,5,9,2,6,-1,-1,1,1,14,13,-1,-1,-1,-1,2,4,1,0,,
2024-10-06,Greece,1,2025,Levadeiakos,PAOK,6.0,4.33,1.5,1.95,1.9,1.8,2.05,6.25,3.9,1.55,2.05,1.75,1.88,1.98,,,,,,,,,,,,,,,,,6.75,4.33,1.44,6.25,3.9,1.53,,,,,,,,,,,,,,,,,,,,,,,,7.16,4.51,1.43,1.91,1.91,1.83,2.01,6.63,4.09,1.54,2.13,1.76,1.91,1.97,,,,,,,,,,,,,,,,,,,7.0,4.2,1.4,6.5,3.9,1.44,7.5,4.51,1.5,1.98,1.91,1.83,2.08,6.95,4.09,1.57,2.17,1.78,1.98,2.03,6.84,4.35,1.43,1.9,1.86,1.78,2.0,6.36,3.95,1.51,2.07,1.73,1.89,1.91,1.25,1.0,0,2,0,0,7,7,0,5,-1,-1,3,3,10,16,-1,-1,-1,-1,5,5,0,0,,
2024-10-19,Greece,1,2025,Atromitos,Panetolikos,1.75,3.4,4.75,2.15,1.67,1.99,1.74,1.9,3.2,4.5,2.2,1.65,1.93,1.93,,,,,,,,,,,,,,,,,1.8,3.5,4.33,1.93,3.2,4.1,,,,,,,,,,,,,,,,,,,,,,,,1.79,3.38,4.93,2.19,1.69,2.07,1.8,1.98,3.09,4.73,2.32,1.65,1.99,1.9,,,,,,,,,,,,,,,,,,,1.75,3.3,4.4,1.91,3.2,3.8,1.85,3.55,4.93,2.2,1.71,2.07,1.85,2.08,3.3,4.74,2.32,1.67,1.99,1.95,1.78,3.39,4.61,2.14,1.67,2.02,1.77,1.95,3.09,4.28,2.22,1.63,1.94,1.85,-0.75,-0.5,0,2,0,2,15,8,10,6,-1,-1,8,2,0,0,-1,-1,-1,-1,1,0,0,0,,
2024-10-19,Greece,1,2025,Lamia,Asteras Tripolis,3.4,3.25,2.15,2.1,1.7,1.98,1.88,3.2,3.1,2.35,2.35,1.54,1.83,2.03,,,,,,,,,,,,,,,,,3.2,3.3,2.15,3.2,3.1,2.3,,,,,,,,,,,,,,,,,,,,,,,,3.45,3.19,2.21,2.17,1.71,1.94,1.91,3.39,3.03,2.42,2.38,1.62,1.85,2.05,,,,,,,,,,,,,,,,,,,3.25,3.3,2.05,3.1,3.2,2.15,3.47,3.4,2.21,2.21,1.76,2.02,1.91,3.45,3.2,2.42,2.42,1.62,1.89,2.06,3.33,3.25,2.16,2.07,1.72,1.94,1.85,3.31,3.02,2.28,2.32,1.57,1.85,1.95,0.25,0.25,0,0,0,0,8,6,3,3,-1,-1,6,5,15,15,-1,-1,-1,-1,2,3,0,0,,
2024-10-19,Greece,1,2025,Volos NFC,Panserraikos,2.15,3.0,3.7,2.25,1.62,1.85,2.0,2.3,3.0,3.3,2.2,1.65,1.98,1.88,,,,,,,,,,,,,,,,,2.1,3.25,3.4,2.3,3.1,3.2,,,,,,,,,,,,,,,,,,,,,,,,2.17,3.14,3.61,2.32,1.62,1.86,1.99,2.37,3.02,3.49,2.24,1.69,2.01,1.88,,,,,,,,,,,,,,,,,,,2.05,3.1,3.4,2.25,3.1,3.0,2.2,3.25,3.7,2.32,1.63,1.89,2.07,2.41,3.15,3.49,2.31,1.69,2.02,1.94,2.13,3.12,3.54,2.27,1.6,1.82,1.97,2.32,2.99,3.26,2.21,1.63,1.97,1.83,-0.25,-0.25,0,1,0,0,11,12,7,7,-1,-1,8,5,9,20,-1,-1,-1,-1,3,4,0,0,,
2024-10-20,Greece,1,2025,AEK,PAOK,2.05,3.4,3.7,1.98,1.88,1.75,2.05,1.95,3.5,3.9,1.9,1.95,2.0,1.85,,,,,,,,,,,,,,,,,2.0,3.4,3.5,2.0,3.4,3.6,,,,,,,,,,,,,,,,,,,,,,,,2.11,3.32,3.54,1.98,1.85,1.83,2.02,2.0,3.59,3.84,1.93,1.94,2.0,1.88,,,,,,,,,,,,,,,,,,,2.0,3.3,3.4,1.91,3.3,3.6,2.11,3.45,3.7,1.98,1.91,1.83,2.13,2.02,3.59,3.9,2.05,1.98,2.02,1.91,2.06,3.33,3.46,1.92,1.84,1.76,2.02,1.97,3.42,3.69,1.94,1.84,1.98,1.82,-0.25,-0.5,1,1,1,1,7,4,1,2,-1,-1,5,2,8,11,-1,-1,-1,-1,2,1,0,0,,
2024-10-20,Greece,1,2025,Aris,Athens Kallithea,1.55,3.9,6.0,1.95,1.9,1.98,1.88,1.53,3.9,6.5,2.0,1.85,1.93,1.93,,,,,,,,,,,,,,,,,1.58,3.9,5.5,1.53,3.9,6.25,,,,,,,,,,,,,,,,,,,,,,,,1.52,4.11,6.26,1.94,1.88,1.93,1.91,1.54,3.96,7.08,2.0,1.87,1.95,1.93,,,,,,,,,,,,,,,,,,,1.5,3.8,6.0,1.5,3.8,5.8,1.58,4.11,6.26,1.97,1.91,2.02,1.91,1.58,4.0,7.08,2.02,1.87,1.97,1.96,1.53,3.98,5.87,1.91,1.85,1.93,1.86,1.52,3.85,6.4,1.97,1.81,1.92,1.89,-1.0,-1.0,2,0,0,0,19,4,13,2,-1,-1,10,0,8,16,-1,-1,-1,-1,0,0,0,0,,
2024-10-20,Greece,1,2025,OFI Crete,Panathinaikos,5.5,3.8,1.62,1.8,2.0,2.03,1.83,5.0,3.75,1.7,1.7,2.1,1.93,1.93,,,,,,,,,,,,,,,,,5.25,4.0,1.6,4.5,3.8,1.71,,,,,,,,,,,,,,,,,,,,,,,,4.84,4.05,1.65,1.81,2.02,2.0,1.84,4.78,4.01,1.71,1.72,2.18,1.95,1.93,,,,,,,,,,,,,,,,,,,4.8,3.8,1.6,4.33,3.8,1.65,5.5,4.1,1.68,1.83,2.05,2.09,1.84,5.0,4.01,1.75,1.76,2.39,1.98,1.97,4.86,3.9,1.63,1.77,1.99,1.98,1.8,4.61,3.79,1.7,1.69,2.13,1.9,1.9,0.75,0.75,0,1,0,1,8,6,4,3,-1,-1,3,4,14,17,-1,-1,-1,-1,3,3,0,0,,
2024-10-20,Greece,1,2025,Olympiakos,Levadeiakos,1.22,6.0,12.0,1.67,2.15,1.98,1.88,1.18,7.0,13.0,1.67,2.15,2.03,1.83,,,,,,,,,,,,,,,,,1.25,6.0,11.0,1.19,6.5,15.5,,,,,,,,,,,,,,,,,,,,,,,,1.24,5.91,10.52,1.66,2.2,1.94,1.88,1.18,6.9,17.86,1.72,2.16,2.12,1.77,,,,,,,,,,,,,,,,,,,1.18,5.8,12.0,1.12,6.5,17.0,1.25,6.25,14.0,1.67,2.25,2.04,1.88,1.19,7.17,18.98,1.78,2.23,2.12,1.87,1.23,5.81,10.9,1.64,2.18,1.93,1.85,1.17,6.6,15.81,1.7,2.11,2.02,1.8,-1.75,-2.0,2,2,2,1,13,3,9,2,-1,-1,7,2,11,20,-1,-1,-1,-1,1,7,0,0,,
2024-10-26,Greece,1,2025,Panetolikos,Volos NFC,1.9,3.3,4.2,2.25,1.62,1.93,1.93,2.55,3.0,2.9,2.4,1.53,1.8,2.05,,,,,,,,,,,,,,,,,1.95,3.25,3.9,2.55,2.9,2.95,,,,,,,,,,,,,,,,,,,,,,,,1.93,3.31,4.24,2.32,1.63,1.94,1.91,2.7,2.87,3.14,2.52,1.56,1.81,2.1,,,,,,,,,,,,,,,,,,,1.91,3.2,3.9,2.38,3.0,2.9,1.99,3.35,4.24,2.32,1.63,1.97,1.97,2.7,3.05,3.15,2.52,1.61,1.84,2.16,1.92,3.27,4.06,2.26,1.61,1.92,1.87,2.54,2.91,3.01,2.39,1.54,1.77,2.09,-0.5,0.0,0,1,0,0,8,15,4,4,-1,-1,2,5,14,24,-1,-1,-1,-1,7,4,1,0,,
2024-10-26,Greece,1,2025,Panserraikos,AEK,7.5,4.75,1.36,1.65,2.2,2.03,1.83,8.0,5.0,1.33,1.6,2.3,1.85,2.0,,,,,,,,,,,,,,,,,7.25,5.0,1.37,7.75,5.25,1.34,,,,,,,,,,,,,,,,,,,,,,,,7.5,5.18,1.36,1.64,2.29,2.04,1.82,8.41,5.48,1.34,1.63,2.34,1.88,2.01,,,,,,,,,,,,,,,,,,,7.5,4.75,1.33,8.0,5.0,1.29,8.0,5.2,1.4,1.71,2.29,2.04,1.89,8.5,5.48,1.35,1.63,2.36,1.91,2.07,7.44,4.91,1.36,1.64,2.2,1.98,1.81,8.05,5.17,1.33,1.6,2.28,1.84,1.97,1.25,1.5,1,0,1,0,3,11,2,5,-1,-1,2,11,10,10,-1,-1,-1,-1,2,3,1,0,,
2024-10-26,Greece,1,2025,Levadeiakos,Lamia,1.95,3.2,4.0,2.3,1.6,2.0,1.85,2.0,3.1,4.0,2.6,1.48,2.03,1.83,,,,,,,,,,,,,,,,,2.0,3.2,3.8,2.0,3.0,4.0,,,,,,,,,,,,,,,,,,,,,,,,1.99,3.11,4.27,2.42,1.58,2.01,1.85,2.07,2.95,4.57,2.73,1.49,2.08,1.82,,,,,,,,,,,,,,,,,,,1.95,3.25,3.6,1.91,3.1,3.9,2.02,3.34,4.27,2.43,1.6,2.03,1.9,2.1,3.15,4.57,2.73,1.5,2.08,1.86,1.97,3.18,4.0,2.34,1.57,1.97,1.82,2.02,3.0,4.12,2.57,1.48,2.02,1.78,-0.5,-0.5,2,2,1,1,9,12,6,4,-1,-1,3,2,14,15,-1,-1,-1,-1,3,1,0,0,,
2024-10-27,Greece,1,2025,Athens Kallithea,Atromitos,2.7,3.1,2.63,2.15,1.67,1.95,1.9,2.8,3.2,2.5,2.05,1.75,1.78,2.1,,,,,,,,,,,,,,,,,2.65,3.2,2.6,3.0,3.2,2.35,,,,,,,,,,,,,,,,,,,,,,,,2.76,3.15,2.67,2.19,1.68,1.95,1.88,3.15,3.17,2.47,2.08,1.79,1.81,2.11,,,,,,,,,,,,,,,,,,,2.6,3.25,2.45,2.7,3.2,2.38,2.76,3.28,2.7,2.19,1.74,1.98,1.95,3.28,3.25,2.5,2.12,1.79,1.86,2.16,2.67,3.14,2.6,2.12,1.68,1.93,1.88,3.11,3.16,2.32,2.05,1.74,1.82,1.98,0.0,0.25,0,3,0,1,6,13,3,7,-1,-1,4,7,23,14,-1,-1,-1,-1,2,4,0,0,,
2024-10-27,Greece,1,2025,PAOK,OFI Crete,1.27,5.0,11.0,1.53,2.4,1.78,2.03,1.25,5.5,11.0,1.5,2.5,1.93,1.93,,,,,,,,,,,,,,,,,1.27,5.75,9.75,1.26,6.0,10.0,,,,,,,,,,,,,,,,,,,,,,,,1.31,5.55,8.2,1.56,2.43,1.87,1.96,1.26,6.22,10.48,1.52,2.6,1.97,1.9,,,,,,,,,,,,,,,,,,,1.25,5.5,9.0,1.22,5.8,10.0,1.31,5.75,11.0,1.57,2.55,1.87,2.07,1.3,6.22,12.0,1.52,2.63,1.99,1.94,1.29,5.42,8.9,1.52,2.4,1.82,1.96,1.25,5.81,9.96,1.48,2.56,1.93,1.86,-1.5,-1.75,1,2,1,0,11,9,6,5,-1,-1,5,4,15,18,-1,-1,-1,-1,4,4,0,0,,
2024-10-27,Greece,1,2025,Panathinaikos,Aris,1.73,3.5,4.75,1.98,1.88,1.98,1.88,1.95,3.25,4.0,2.05,1.75,2.0,1.85,,,,,,,,,,,,,,,,,1.68,3.7,4.8,2.05,3.2,3.6,,,,,,,,,,,,,,,,,,,,,,,,1.74,3.5,4.99,1.98,1.84,1.99,1.85,2.0,3.28,4.24,2.07,1.8,2.01,1.88,,,,,,,,,,,,,,,,,,,1.67,3.6,4.4,1.95,3.3,3.5,1.77,3.75,5.5,1.99,1.9,1.99,1.98,2.12,3.35,4.24,2.13,1.8,2.12,1.88,1.71,3.58,4.76,1.92,1.84,1.91,1.86,2.04,3.2,3.72,2.03,1.76,2.03,1.78,-0.75,-0.5,1,1,1,0,10,8,5,1,-1,-1,5,2,12,14,-1,-1,-1,-1,2,3,0,0,,
2024-10-27,Greece,1,2025,Asteras Tripolis,Olympiakos,8.0,4.1,1.42,1.93,1.93,1.83,2.03,5.5,3.75,1.65,2.05,1.8,2.03,1.83,,,,,,,,,,,,,,,,,7.5,4.33,1.43,5.0,3.7,1.65,,,,,,,,,,,,,,,,,,,,,,,,7.45,4.49,1.41,1.9,1.92,1.85,1.98,5.2,3.92,1.68,1.97,1.9,2.0,1.88,,,,,,,,,,,,,,,,,,,7.5,4.33,1.36,4.75,3.7,1.62,8.0,4.5,1.44,1.96,1.93,1.86,2.07,5.6,3.92,1.71,2.08,1.9,2.16,1.94,7.33,4.34,1.41,1.88,1.88,1.81,1.97,5.08,3.78,1.65,1.94,1.84,1.96,1.85,1.25,0.75,1,0,1,0,8,19,6,7,-1,-1,3,8,12,5,-1,-1,-1,-1,4,1,0,0,,
2024-11-02,Greece,1,2025,Athens Kallithea,Panetolikos,2.4,3.25,3.0,2.25,1.62,2.1,1.78,2.75,3.1,2.7,2.5,1.5,1.95,1.9,,,,,,,,,,,,,,,,,2.45,3.1,2.9,2.85,2.87,2.65,,,,,,,,,,,,,,,,,,,,,,,,2.44,3.11,3.1,2.31,1.61,2.09,1.79,2.99,2.77,2.91,2.6,1.53,1.97,1.92,,,,,,,,,,,,,,,,,,,2.3,3.2,2.88,2.8,2.9,2.5,2.45,3.25,3.1,2.31,1.64,2.13,1.81,3.05,3.1,2.91,2.6,1.57,2.05,1.93,2.4,3.13,2.98,2.25,1.61,2.05,1.76,2.91,2.88,2.66,2.47,1.51,1.98,1.84,-0.25,0.0,1,1,1,1,16,7,5,3,-1,-1,6,5,12,16,-1,-1,-1,-1,0,1,0,0,,
2024-11-02,Greece,1,2025,Olympiakos,Panserraikos,1.17,7.0,19.0,1.5,2.5,1.85,2.0,1.1,9.5,29.0,1.44,2.7,1.98,1.88,,,,,,,,,,,,,,,,,1.16,7.5,15.5,1.11,9.75,21.0,,,,,,,,,,,,,,,,,,,,,,,,1.15,7.17,17.44,1.51,2.55,1.83,2.02,1.11,9.57,29.12,1.42,2.89,2.02,1.85,,,,,,,,,,,,,,,,,,,1.11,7.0,17.0,1.06,8.5,26.0,1.17,7.6,20.0,1.52,2.58,1.89,2.04,1.16,9.75,29.12,1.49,2.89,2.26,1.9,1.15,7.09,16.53,1.49,2.5,1.82,1.98,1.1,8.74,23.16,1.42,2.75,2.01,1.8,-2.0,-2.5,2,1,1,0,15,5,10,2,-1,-1,8,1,8,18,-1,-1,-1,-1,0,2,0,0,,
2024-11-03,Greece,1,2025,Aris,Levadeiakos,1.55,4.0,6.25,2.1,1.7,2.0,1.85,1.4,4.5,8.5,1.93,1.93,1.93,1.93,,,,,,,,,,,,,,,,,1.53,4.0,6.0,1.4,4.4,7.75,,,,,,,,,,,,,,,,,,,,,,,,1.56,3.84,6.26,2.13,1.71,2.01,1.83,1.4,4.46,9.47,1.93,1.94,1.94,1.94,,,,,,,,,,,,,,,,,,,1.5,3.8,6.0,1.35,4.33,7.5,1.57,4.3,7.5,2.13,1.77,2.02,2.03,1.46,4.5,9.47,2.09,1.94,2.05,1.94,1.52,3.92,6.32,2.09,1.71,1.93,1.87,1.39,4.32,8.27,1.94,1.83,1.96,1.85,-1.0,-1.25,3,1,2,1,10,8,7,5,-1,-1,0,5,21,16,-1,-1,-1,-1,3,4,0,0,,
2024-11-03,Greece,1,2025,Atromitos,AEK,5.75,3.9,1.57,1.85,2.0,1.8,2.05,5.25,3.7,1.65,1.93,1.93,2.0,1.85,,,,,,,,,,,,,,,,,5.5,4.0,1.55,4.8,3.75,1.66,,,,,,,,,,,,,,,,,,,,,,,,5.09,4.0,1.63,1.87,1.95,1.75,2.09,5.09,4.12,1.66,1.92,1.94,2.01,1.88,,,,,,,,,,,,,,,,,,,5.5,3.9,1.5,4.8,3.8,1.6,5.8,4.1,1.63,1.88,2.04,1.85,2.1,5.3,4.12,1.67,1.99,1.97,2.08,1.9,5.21,3.98,1.59,1.83,1.94,1.77,2.03,5.0,3.86,1.63,1.88,1.89,1.98,1.83,1.0,0.75,0,1,0,1,7,6,3,2,-1,-1,5,2,17,15,-1,-1,-1,-1,1,3,0,0,,
2024-11-03,Greece,1,2025,Lamia,PAOK,8.0,5.0,1.36,1.73,2.08,2.03,1.78,7.5,4.5,1.4,1.75,2.05,1.93,1.93,,,,,,,,,,,,,,,,,8.25,4.8,1.36,7.25,4.6,1.39,,,,,,,,,,,,,,,,,,,,,,,,8.68,4.95,1.34,1.77,2.05,2.05,1.8,8.55,4.9,1.38,1.81,2.06,1.98,1.91,,,,,,,,,,,,,,,,,,,8.5,4.8,1.29,8.5,4.8,1.29,9.0,5.1,1.37,1.77,2.14,2.07,1.85,8.55,5.0,1.41,1.83,2.11,1.98,1.98,8.45,4.86,1.33,1.73,2.05,2.01,1.77,7.95,4.69,1.37,1.76,2.03,1.93,1.87,1.25,1.25,1,2,1,0,6,14,4,8,-1,-1,1,9,16,11,-1,-1,-1,-1,2,1,0,0,,
2024-11-03,Greece,1,2025,Volos NFC,Panathinaikos,6.5,4.2,1.5,2.0,1.85,2.0,1.85,5.5,3.9,1.57,2.03,1.83,1.83,2.03,,,,,,,,,,,,,,,,,6.25,4.1,1.51,5.5,3.8,1.6,,,,,,,,,,,,,,,,,,,,,,,,6.72,4.2,1.48,1.98,1.84,2.01,1.83,6.41,3.99,1.57,2.03,1.85,1.85,2.05,,,,,,,,,,,,,,,,,,,6.5,4.0,1.44,5.5,3.75,1.53,7.0,4.25,1.53,2.0,1.87,2.01,1.92,6.41,3.99,1.63,2.04,1.86,1.9,2.11,6.44,4.12,1.48,1.95,1.81,1.95,1.84,5.71,3.84,1.58,2.0,1.79,1.78,2.03,1.0,1.0,0,1,0,1,9,11,2,5,-1,-1,2,6,15,22,-1,-1,-1,-1,4,3,1,0,,
2024-11-04,Greece,1,2025,Asteras Tripolis,OFI Crete,2.05,3.4,3.5,2.05,1.75,1.83,2.03,2.3,3.25,3.1,2.15,1.67,2.03,1.83,,,,,,,,,,,,,,,,,2.05,3.4,3.4,2.3,3.2,3.1,,,,,,,,,,,,,,,,,,,,,,,,2.1,3.35,3.55,2.08,1.75,1.81,2.03,2.37,3.22,3.27,2.17,1.73,2.03,1.86,,,,,,,,,,,,,,,,,,,2.0,3.4,3.3,2.25,3.1,3.0,2.15,3.45,3.55,2.08,1.81,1.83,2.07,2.37,3.3,3.27,2.21,1.77,2.07,1.87,2.07,3.32,3.44,2.04,1.74,1.79,2.0,2.3,3.16,3.14,2.12,1.7,1.98,1.83,-0.25,-0.25,3,0,0,0,10,11,6,4,-1,-1,6,5,10,12,-1,-1,-1,-1,3,4,0,0,,
2024-11-09,Greece,1,2025,Panserraikos,Atromitos,3.25,3.1,2.3,2.15,1.67,1.83,2.03,3.3,3.0,2.3,2.25,1.62,1.85,2.0,,,,,,,,,,,,,,,,,3.1,3.1,2.3,3.3,3.1,2.25,,,,,,,,,,,,,,,,,,,,,,,,3.38,2.89,2.42,2.19,1.69,1.82,2.05,3.56,2.95,2.39,2.32,1.65,1.88,2.01,,,,,,,,,,,,,,,,,,,3.1,3.25,2.15,3.1,3.2,2.15,3.38,3.34,2.42,2.19,1.73,1.85,2.05,3.56,3.2,2.39,2.35,1.65,1.95,2.05,3.22,3.07,2.32,2.12,1.69,1.83,1.96,3.39,2.97,2.29,2.24,1.62,1.86,1.94,0.25,0.25,2,3,1,3,9,5,5,4,-1,-1,3,3,22,15,-1,-1,-1,-1,4,2,0,0,,
2024-11-09,Greece,1,2025,Panetolikos,Aris,3.5,3.4,2.1,2.35,1.57,2.03,1.83,3.2,3.2,2.3,2.3,1.6,1.88,1.98,,,,,,,,,,,,,,,,,3.5,3.2,2.1,3.3,3.1,2.2,,,,,,,,,,,,,,,,,,,,,,,,3.67,3.19,2.12,2.38,1.6,2.04,1.83,3.42,3.17,2.32,2.39,1.61,1.91,1.98,,,,,,,,,,,,,,,,,,,3.4,3.1,2.05,3.1,3.2,2.15,4.04,3.4,2.21,2.39,1.6,2.14,1.84,3.66,3.25,2.32,2.39,1.62,1.95,2.02,3.61,3.22,2.07,2.32,1.58,2.02,1.77,3.27,3.15,2.25,2.28,1.59,1.87,1.93,0.25,0.25,2,1,1,1,8,5,4,2,-1,-1,7,4,15,7,-1,-1,-1,-1,2,2,0,1,,
2024-11-09,Greece,1,2025,AEK,Asteras Tripolis,1.27,5.25,12.0,1.8,2.0,1.88,1.98,1.3,5.0,10.0,1.7,2.1,1.93,1.93,,,,,,,,,,,,,,,,,1.27,5.5,10.5,1.3,5.25,9.0,,,,,,,,,,,,,,,,,,,,,,,,1.29,5.4,9.52,1.82,2.02,1.89,1.96,1.28,5.81,11.08,1.75,2.14,1.92,1.97,,,,,,,,,,,,,,,,,,,1.22,5.0,11.0,1.22,5.5,10.0,1.29,5.8,13.0,1.82,2.09,1.89,2.0,1.3,6.25,15.0,1.75,2.2,1.96,2.02,1.27,5.33,10.22,1.77,2.0,1.86,1.92,1.27,5.41,10.2,1.7,2.09,1.88,1.93,-1.5,-1.5,3,0,2,0,26,2,15,0,-1,-1,6,0,21,14,-1,-1,-1,-1,0,3,0,2,,
2024-11-10,Greece,1,2025,Levadeiakos,Volos NFC,2.25,3.1,3.4,2.35,1.57,1.92,1.82,2.6,2.9,3.0,2.5,1.5,2.1,1.7,,,,,,,,,,,,,,,,,2.2,3.1,3.3,2.4,2.95,3.1,,,,,,,,,,,,,,,,,,,,,,,,2.27,3.17,3.35,2.43,1.56,1.94,1.89,2.54,2.9,3.34,2.59,1.53,2.13,1.79,,,,,,,,,,,,,,,,,,,2.15,3.1,3.2,2.3,3.0,3.0,2.3,3.25,3.4,2.43,1.58,1.99,1.91,2.6,3.1,3.34,2.59,1.55,2.16,1.89,2.22,3.11,3.29,2.36,1.55,1.9,1.87,2.43,2.91,3.18,2.47,1.51,2.05,1.77,-0.25,-0.25,3,2,1,1,13,3,7,2,-1,-1,6,1,18,24,-1,-1,-1,-1,2,3,0,0,,
2024-11-10,Greece,1,2025,OFI Crete,Athens Kallithea,1.9,3.5,4.0,2.08,1.73,1.87,1.87,1.8,3.7,4.2,2.03,1.83,1.8,2.05,,,,,,,,,,,,,,,,,1.9,3.4,3.9,1.82,3.5,4.2,,,,,,,,,,,,,,,,,,,,,,,,1.92,3.51,3.99,2.13,1.72,1.93,1.91,1.84,3.5,4.73,2.04,1.84,1.85,2.05,,,,,,,,,,,,,,,,,,,1.85,3.4,3.75,1.8,3.5,4.0,1.97,3.52,4.01,2.13,1.78,1.98,1.95,1.86,3.7,4.74,2.07,1.87,1.86,2.12,1.91,3.42,3.87,2.09,1.71,1.91,1.87,1.81,3.5,4.34,1.99,1.79,1.8,2.0,-0.5,-0.5,2,2,2,0,9,20,6,8,-1,-1,2,7,17,17,-1,-1,-1,-1,2,2,0,0,,
2024-11-10,Greece,1,2025,PAOK,Olympiakos,2.63,3.2,2.8,2.08,1.73,1.79,1.94,2.15,3.25,3.5,2.05,1.75,1.85,2.0,,,,,,,,,,,,,,,,,2.5,3.3,2.7,2.2,3.1,3.4,,,,,,,,,,,,,,,,,,,,,,,,2.64,3.09,2.85,2.08,1.75,1.84,2.0,2.21,3.14,3.73,2.09,1.79,1.88,2.01,,,,,,,,,,,,,,,,,,,2.4,3.3,2.62,2.05,3.25,3.25,2.65,3.34,2.85,2.11,1.78,1.86,2.05,2.22,3.28,3.73,2.13,1.8,1.89,2.07,2.55,3.13,2.76,2.05,1.73,1.82,1.98,2.17,3.14,3.46,2.05,1.74,1.85,1.96,0.0,-0.25,2,3,0,1,11,15,5,12,-1,-1,4,5,5,10,-1,-1,-1,-1,2,1,0,0,,
2024-11-10,Greece,1,2025,Panathinaikos,Lamia,1.3,5.0,11.0,1.7,2.1,1.93,1.93,1.2,6.25,13.0,1.53,2.4,2.03,1.83,,,,,,,,,,,,,,,,,1.29,5.5,9.5,1.19,7.0,13.5,,,,,,,,,,,,,,,,,,,,,,,,1.31,5.68,8.09,1.72,2.13,1.88,1.95,1.18,7.46,15.5,1.54,2.54,2.04,1.83,,,,,,,,,,,,,,,,,,,1.25,5.0,10.0,1.14,6.5,15.0,1.31,6.0,11.0,1.72,2.2,1.96,1.95,1.21,7.46,15.5,1.58,2.54,2.06,1.85,1.29,5.37,9.01,1.67,2.11,1.87,1.91,1.18,6.67,13.66,1.52,2.45,1.99,1.82,-1.5,-2.0,1,0,0,0,11,3,5,3,-1,-1,7,1,15,16,-1,-1,-1,-1,3,4,0,1,,
2024-11-22,Greece,1,2025,Athens Kallithea,Panserraikos,2.05,3.3,3.7,2.15,1.67,2.05,1.8,2.2,3.1,3.5,2.15,1.67,1.88,1.98,,,,,,,,,,,,,,,,,2.1,3.2,3.4,2.2,3.2,3.3,,,,,,,,,,,,,,,,,,,,,,,,2.09,3.25,3.93,2.21,1.71,2.1,1.81,2.22,3.13,3.7,2.21,1.71,1.89,2.0,,,,,,,,,,,,,,,,,,,2.0,3.25,3.4,2.1,3.1,3.3,2.12,3.42,3.93,2.23,1.73,2.11,1.85,2.24,3.25,3.7,2.23,1.74,1.91,2.05,2.06,3.23,3.68,2.15,1.68,2.05,1.77,2.18,3.11,3.49,2.15,1.67,1.85,1.96,-0.5,-0.25,1,2,0,1,17,14,6,4,-1,-1,8,1,21,16,-1,-1,-1,-1,5,5,1,0,,
2024-11-23,Greece,1,2025,Aris,Volos NFC,1.53,3.9,6.5,1.93,1.93,1.93,1.93,1.48,4.1,7.5,1.88,1.98,1.8,2.05,,,,,,,,,,,,,,,,,1.49,4.2,6.25,1.47,4.33,6.5,,,,,,,,,,,,,,,,,,,,,,,,1.56,4.23,5.45,1.92,1.92,1.93,1.92,1.52,4.28,6.6,1.93,1.93,1.85,2.04,,,,,,,,,,,,,,,,,,,1.44,4.0,6.5,1.4,4.2,7.0,1.56,4.3,6.5,1.97,1.93,1.99,1.97,1.52,4.55,7.5,1.97,1.99,1.85,2.11,1.52,4.12,5.91,1.89,1.88,1.9,1.89,1.47,4.22,6.64,1.88,1.89,1.79,2.02,-1.0,-1.0,0,1,0,1,9,2,1,2,-1,-1,3,0,16,28,-1,-1,-1,-1,3,4,0,0,,
2024-11-23,Greece,1,2025,Lamia,OFI Crete,2.8,3.2,2.55,2.1,1.7,2.0,1.85,3.4,3.1,2.25,2.2,1.65,1.93,1.93,,,,,,,,,,,,,,,,,2.75,3.1,2.55,3.2,3.1,2.25,,,,,,,,,,,,,,,,,,,,,,,,2.86,2.98,2.7,2.18,1.7,1.98,1.87,3.66,3.05,2.28,2.33,1.65,1.95,1.93,,,,,,,,,,,,,,,,,,,2.62,3.2,2.45,3.0,3.1,2.25,2.86,3.3,2.7,2.19,1.73,2.07,1.87,3.66,3.3,2.51,2.33,1.69,1.95,2.03,2.78,3.08,2.6,2.12,1.68,1.98,1.84,3.28,3.0,2.33,2.26,1.61,1.85,1.96,0.0,0.25,1,1,1,1,10,9,3,5,-1,-1,5,6,23,16,-1,-1,-1,-1,1,2,0,0,,
2024-11-24,Greece,1,2025,Panetolikos,Panathinaikos,5.5,3.5,1.67,2.15,1.67,1.98,1.88,5.25,3.7,1.67,2.15,1.67,1.95,1.9,,,,,,,,,,,,,,,,,5.25,3.6,1.65,5.25,3.6,1.66,,,,,,,,,,,,,,,,,,,,,,,,5.51,3.72,1.64,2.17,1.69,2.0,1.84,5.59,3.77,1.67,2.16,1.74,2.01,1.88,,,,,,,,,,,,,,,,,,,5.5,3.5,1.6,5.0,3.5,1.62,5.6,3.72,1.7,2.25,1.69,2.0,1.9,5.61,3.77,1.7,2.23,1.75,2.02,1.94,5.39,3.59,1.64,2.15,1.66,1.93,1.84,5.24,3.62,1.66,2.13,1.69,1.93,1.87,0.75,0.75,1,2,0,1,19,16,14,12,-1,-1,2,8,2,3,-1,-1,-1,-1,4,3,1,0,,
2024-11-24,Greece,1,2025,Asteras Tripolis,PAOK,6.25,3.6,1.6,2.05,1.75,1.75,2.05,6.5,3.8,1.53,1.95,1.9,1.9,1.95,,,,,,,,,,,,,,,,,5.25,3.8,1.63,5.75,4.0,1.53,,,,,,,,,,,,,,,,,,,,,,,,5.64,3.99,1.58,2.05,1.78,1.8,2.05,6.19,4.19,1.56,2.01,1.87,1.91,1.98,,,,,,,,,,,,,,,,,,,5.5,3.6,1.55,6.0,3.75,1.5,6.25,3.99,1.63,2.09,1.81,1.8,2.12,6.5,4.19,1.56,2.01,1.94,1.97,2.01,5.61,3.79,1.58,2.03,1.74,1.76,2.05,6.06,3.97,1.53,1.95,1.83,1.87,1.93,1.0,1.0,1,2,0,0,5,12,4,7,-1,-1,4,4,15,15,-1,-1,-1,-1,2,1,0,0,,
2024-11-24,Greece,1,2025,Olympiakos,AEK,2.2,3.25,3.3,2.05,1.75,1.88,1.98,2.2,3.2,3.3,2.05,1.75,1.93,1.93,,,,,,,,,,,,,,,,,2.1,3.4,3.25,2.2,3.2,3.2,,,,,,,,,,,,,,,,,,,,,,,,2.16,3.33,3.42,2.05,1.78,1.86,1.97,2.28,3.19,3.49,2.11,1.77,1.94,1.94,,,,,,,,,,,,,,,,,,,2.1,3.25,3.2,2.15,3.2,3.1,2.2,3.4,3.42,2.07,1.81,1.89,2.0,2.28,3.35,3.49,2.2,1.79,1.98,1.99,2.14,3.3,3.31,2.01,1.76,1.84,1.93,2.21,3.18,3.29,2.06,1.73,1.9,1.9,-0.25,-0.25,4,1,1,1,11,6,9,3,-1,-1,2,0,13,10,-1,-1,-1,-1,3,1,0,1,,
2024-11-25,Greece,1,2025,Atromitos,Levadeiakos,1.73,3.5,5.0,2.15,1.67,1.98,1.88,1.9,3.2,4.5,2.4,1.53,1.95,1.9,,,,,,,,,,,,,,,,,1.75,3.5,4.6,1.95,3.1,4.1,,,,,,,,,,,,,,,,,,,,,,,,1.72,3.53,5.12,2.26,1.64,1.96,1.88,1.97,3.19,4.56,2.55,1.55,1.98,1.91,,,,,,,,,,,,,,,,,,,1.67,3.5,4.6,1.91,3.1,3.9,1.77,3.6,5.25,2.26,1.72,2.0,1.91,2.05,3.3,4.98,2.58,1.55,2.05,1.95,1.72,3.49,4.88,2.2,1.64,1.95,1.84,1.91,3.15,4.4,2.46,1.52,1.93,1.87,-0.75,-0.5,2,1,0,1,5,8,5,4,-1,-1,4,6,10,14,-1,-1,-1,-1,1,4,0,0,,
2024-11-30,Greece,1,2025,Volos NFC,Lamia,1.95,3.25,4.1,2.25,1.62,1.98,1.88,1.91,3.1,4.75,2.4,1.53,1.93,1.93,,,,,,,,,,,,,,,,,1.95,3.3,3.8,1.95,3.1,4.1,,,,,,,,,,,,,,,,,,,,,,,,1.99,3.29,4.0,2.29,1.64,2.01,1.85,1.93,3.12,4.9,2.44,1.59,1.94,1.94,,,,,,,,,,,,,,,,,,,1.91,3.2,3.9,1.85,3.1,4.2,2.0,3.35,4.1,2.29,1.65,2.01,1.91,1.99,3.2,4.9,2.49,1.59,1.96,2.0,1.96,3.25,3.94,2.23,1.62,1.96,1.84,1.92,3.08,4.47,2.38,1.55,1.91,1.89,-0.5,-0.5,0,0,0,0,10,9,6,4,-1,-1,6,4,18,19,-1,-1,-1,-1,4,3,0,0,,
2024-11-30,Greece,1,2025,AEK,Aris,1.45,4.1,7.5,2.03,1.83,2.1,1.78,1.4,4.5,8.0,1.85,2.0,1.95,1.9,,,,,,,,,,,,,,,,,1.44,4.2,7.0,1.42,4.4,7.25,,,,,,,,,,,,,,,,,,,,,,,,1.45,4.28,7.23,2.02,1.83,2.1,1.78,1.42,4.52,8.32,1.87,2.01,1.99,1.9,,,,,,,,,,,,,,,,,,,1.4,4.2,7.0,1.35,4.4,7.5,1.46,4.3,7.5,2.06,1.83,2.12,1.81,1.42,4.6,8.33,1.89,2.04,2.02,1.94,1.44,4.19,7.21,1.99,1.79,2.04,1.76,1.4,4.42,7.73,1.84,1.94,1.94,1.87,-1.25,-1.25,4,0,2,0,20,3,5,0,-1,-1,7,0,17,20,-1,-1,-1,-1,2,3,0,0,,
2024-11-30,Greece,1,2025,Levadeiakos,Panetolikos,2.38,3.2,3.0,2.5,1.5,2.1,1.78,2.15,3.0,3.7,2.6,1.48,1.85,2.0,,,,,,,,,,,,,,,,,2.45,3.0,3.0,2.2,3.0,3.5,,,,,,,,,,,,,,,,,,,,,,,,2.47,2.91,3.26,2.66,1.49,2.09,1.78,2.24,2.93,3.98,2.64,1.52,1.88,2.01,,,,,,,,,,,,,,,,,,,2.38,2.88,3.1,2.15,3.0,3.3,2.5,3.2,3.26,2.66,1.51,2.11,1.81,2.35,3.05,3.99,2.64,1.52,1.93,2.05,2.42,2.94,3.15,2.56,1.48,2.04,1.76,2.2,2.94,3.65,2.52,1.49,1.87,1.94,-0.25,-0.25,1,1,1,0,8,4,2,4,-1,-1,5,0,18,14,-1,-1,-1,-1,7,5,1,1,,
2024-12-01,Greece,1,2025,OFI Crete,Olympiakos,8.5,4.2,1.42,1.73,2.08,1.93,1.93,9.5,4.5,1.36,1.73,2.08,1.8,2.05,,,,,,,,,,,,,,,,,7.25,4.6,1.4,8.25,4.8,1.35,,,,,,,,,,,,,,,,,,,,,,,,7.85,4.81,1.37,1.71,2.14,1.93,1.9,9.47,5.14,1.34,1.75,2.14,1.83,2.08,,,,,,,,,,,,,,,,,,,8.0,4.4,1.33,8.5,4.6,1.3,8.5,4.81,1.42,1.81,2.14,1.96,1.95,9.57,5.17,1.37,1.79,2.15,1.83,2.11,7.78,4.52,1.38,1.72,2.07,1.9,1.88,8.9,4.81,1.34,1.72,2.09,1.8,2.01,1.25,1.5,0,2,0,0,10,13,3,5,-1,-1,4,6,17,20,-1,-1,-1,-1,2,3,0,0,,
2024-12-01,Greece,1,2025,PAOK,Athens Kallithea,1.25,6.0,11.0,1.62,2.25,1.98,1.88,1.22,6.25,11.0,1.6,2.3,1.93,1.93,,,,,,,,,,,,,,,,,1.23,6.0,12.0,1.23,6.25,11.5,,,,,,,,,,,,,,,,,,,,,,,,1.29,5.72,8.15,1.66,2.2,2.01,1.82,1.24,6.54,11.06,1.61,2.37,1.9,1.97,,,,,,,,,,,,,,,,,,,1.22,5.5,10.0,1.22,5.8,10.0,1.29,6.4,13.0,1.66,2.38,2.01,1.96,1.25,6.54,12.0,1.62,2.37,1.95,1.99,1.25,5.8,10.03,1.61,2.21,1.94,1.84,1.23,6.11,10.92,1.59,2.29,1.9,1.91,-1.75,-1.75,2,2,1,0,8,9,5,4,-1,-1,7,4,12,15,-1,-1,-1,-1,1,5,0,0,,
2024-12-01,Greece,1,2025,Panathinaikos,Atromitos,1.48,4.1,7.0,1.98,1.88,1.83,2.03,1.48,4.1,7.0,2.0,1.85,1.85,2.0,,,,,,,,,,,,,,,,,1.49,4.1,6.5,1.49,4.1,6.25,,,,,,,,,,,,,,,,,,,,,,,,1.45,4.52,6.47,1.95,1.87,1.78,2.07,1.49,4.41,6.77,2.01,1.86,1.86,2.03,,,,,,,,,,,,,,,,,,,1.44,4.2,6.0,1.44,4.2,6.5,1.5,4.52,7.0,2.0,1.88,1.93,2.07,1.5,4.41,7.21,2.04,1.89,1.91,2.08,1.46,4.29,6.36,1.94,1.83,1.79,2.01,1.47,4.18,6.62,1.96,1.81,1.82,1.98,-1.0,-1.0,1,1,1,0,9,4,4,2,-1,-1,6,1,11,23,-1,-1,-1,-1,1,6,0,0,,
2024-12-01,Greece,1,2025,Panserraikos,Asteras Tripolis,2.8,3.25,2.5,2.15,1.67,2.03,1.83,2.4,2.9,3.3,2.3,1.6,2.05,1.8,,,,,,,,,,,,,,,,,2.75,3.25,2.5,2.37,3.0,3.1,,,,,,,,,,,,,,,,,,,,,,,,2.85,3.17,2.58,2.23,1.66,2.02,1.83,2.5,2.9,3.4,2.37,1.63,2.1,1.81,,,,,,,,,,,,,,,,,,,2.62,3.2,2.45,2.3,3.0,3.0,2.88,3.3,2.6,2.23,1.74,2.06,1.85,2.64,3.05,3.4,2.37,1.63,2.16,1.85,2.78,3.16,2.51,2.15,1.67,2.01,1.8,2.43,2.89,3.2,2.29,1.59,2.04,1.78,0.0,-0.25,2,1,1,1,20,14,15,11,-1,-1,7,5,9,13,-1,-1,-1,-1,2,1,0,0,,
2024-12-07,Greece,1,2025,Olympiakos,Volos NFC,1.13,8.5,19.0,1.5,2.5,2.0,1.85,1.17,7.5,15.0,1.57,2.35,1.93,1.93,,,,,,,,,,,,,,,,,1.13,8.75,16.5,1.17,7.25,15.5,,,,,,,,,,,,,,,,,,,,,,,,1.11,9.55,17.57,1.51,2.56,1.99,1.85,1.16,7.9,17.57,1.58,2.44,1.88,1.98,,,,,,,,,,,,,,,,,,,1.08,7.5,21.0,1.12,7.0,15.0,1.14,9.55,23.0,1.53,2.56,2.05,1.93,1.18,7.9,17.57,1.6,2.44,1.98,1.98,1.12,8.61,17.72,1.5,2.5,1.96,1.83,1.15,7.3,15.61,1.56,2.35,1.89,1.91,-2.25,-2.0,3,0,2,0,15,1,8,0,-1,-1,5,1,16,11,-1,-1,-1,-1,0,2,0,0,,
2024-12-07,Greece,1,2025,Aris,Atromitos,1.83,3.25,4.75,2.25,1.62,1.83,2.03,2.05,3.1,4.0,2.35,1.57,1.75,2.05,,,,,,,,,,,,,,,,,1.85,3.4,4.2,2.1,3.1,3.7,,,,,,,,,,,,,,,,,,,,,,,,1.83,3.49,4.45,2.24,1.66,1.84,2.02,2.11,3.04,4.24,2.41,1.61,1.78,2.13,,,,,,,,,,,,,,,,,,,1.8,3.4,4.0,2.0,3.1,3.6,1.88,3.49,4.75,2.28,1.66,1.88,2.04,2.23,3.4,4.24,2.41,1.62,1.84,2.16,1.83,3.38,4.35,2.21,1.63,1.83,1.96,2.05,3.06,3.92,2.31,1.58,1.76,2.05,-0.5,-0.25,2,1,2,0,12,16,10,14,-1,-1,1,5,26,13,-1,-1,-1,-1,3,3,0,0,,
2024-12-08,Greece,1,2025,Lamia,Panetolikos,2.75,3.2,2.6,2.6,1.48,2.0,1.85,2.5,2.7,3.5,3.4,1.33,2.13,1.75,,,,,,,,,,,,,,,,,2.75,3.1,2.6,2.45,2.75,3.25,,,,,,,,,,,,,,,,,,,,,,,,2.94,2.85,2.76,2.69,1.47,,,2.59,2.76,3.46,3.22,1.36,2.15,1.78,,,,,,,,,,,,,,,,,,,2.75,3.0,2.5,2.3,2.8,3.2,2.94,3.2,2.76,2.69,1.5,2.04,1.86,2.8,2.8,3.7,3.4,1.48,2.16,1.81,2.81,2.97,2.63,2.58,1.47,1.98,1.83,2.47,2.74,3.37,3.06,1.35,2.06,1.77,0.0,-0.25,0,1,0,1,11,6,9,2,-1,-1,5,1,14,9,-1,-1,-1,-1,2,4,0,0,,
2024-12-08,Greece,1,2025,OFI Crete,AEK,7.5,4.33,1.42,1.73,2.08,1.83,2.03,8.5,5.0,1.33,1.57,2.35,1.88,1.98,,,,,,,,,,,,,,,,,6.25,4.5,1.44,8.0,5.25,1.33,,,,,,,,,,,,,,,,,,,,,,,,7.03,4.69,1.41,1.77,2.06,1.85,1.98,9.24,5.54,1.32,1.59,2.44,1.9,1.99,,,,,,,,,,,,,,,,,,,7.0,4.4,1.36,8.0,5.0,1.29,7.5,4.7,1.46,1.79,2.09,1.86,2.06,9.48,5.62,1.43,1.73,2.53,1.93,2.04,6.76,4.49,1.42,1.75,2.03,1.82,1.97,8.44,5.19,1.32,1.58,2.31,1.86,1.94,1.25,1.5,1,2,1,1,4,7,4,5,-1,-1,0,14,11,16,-1,-1,-1,-1,5,5,1,0,,
2024-12-08,Greece,1,2025,Asteras Tripolis,Panathinaikos,5.75,3.4,1.67,2.15,1.67,1.98,1.88,6.0,3.6,1.6,2.0,1.85,1.8,2.05,,,,,,,,,,,,,,,,,5.0,3.6,1.68,5.75,3.9,1.55,,,,,,,,,,,,,,,,,,,,,,,,5.24,3.79,1.65,2.17,1.69,1.98,1.86,6.12,4.05,1.58,2.03,1.85,1.85,2.04,,,,,,,,,,,,,,,,,,,5.0,3.6,1.6,6.0,3.8,1.5,5.75,3.79,1.71,2.21,1.7,1.98,1.93,6.5,4.05,1.65,2.1,1.88,1.91,2.09,5.21,3.61,1.65,2.15,1.67,1.93,1.86,6.05,3.87,1.55,1.99,1.79,1.84,1.97,0.75,1.0,0,1,0,0,14,16,6,7,-1,-1,6,9,19,11,-1,-1,-1,-1,5,2,0,0,,
2024-12-08,Greece,1,2025,Panserraikos,PAOK,9.5,4.75,1.33,1.7,2.1,1.83,2.03,8.0,4.5,1.38,1.67,2.15,2.0,1.85,,,,,,,,,,,,,,,,,8.0,5.25,1.34,7.0,4.75,1.4,,,,,,,,,,,,,,,,,,,,,,,,8.46,5.1,1.33,1.71,2.14,1.83,2.01,8.49,5.04,1.37,1.7,2.22,2.01,1.88,,,,,,,,,,,,,,,,,,,9.0,4.8,1.29,8.0,4.75,1.3,10.5,5.25,1.35,1.71,2.16,1.87,2.04,8.65,5.04,1.4,1.72,2.25,2.02,1.91,8.49,4.99,1.33,1.68,2.12,1.82,1.98,7.77,4.74,1.37,1.67,2.14,1.95,1.85,1.5,1.25,1,4,0,2,4,19,3,14,-1,-1,4,7,10,19,-1,-1,-1,-1,3,1,1,0,,
